Run;bestKey;bestValue;obj1;obj2;obj3;obj4;obj5;algName;problemName;fitness
1;0.902674017851871_0.6742447515815823_0.3678547575314594_0.04612467936198347_0.350467429223071_0.5016918391439373_0.03127455183261996_0.011538256238427996_0.007049383986825635_0.012072241294371913_0.4731229153313342_0.4962172031490403;23;-0.4452364832499325;-0.4;0.8634568134038558;-0.08243926371001689;0.6321452424685405;NSGAII;NormSystem_obj_5_conf_200_10_5_0.05_10_5000;-0.49621720314904033
1;0.9784741287712165_0.9570011134176201_6.790785157820575E-4_0.010788146922830552_0.9281459219941165_0.039691174360219295_0.8963499671745354_0.3358197960047813_0.42315808064311977_0.023798452107632838_0.11949804201499035_0.09772562922947566;40;0.28227614789782707;-0.4;0.3590204654541747;0.4425061540966517;0.9993209214842179;MOMBI2;NormSystem_obj_5_conf_200_10_5_0.05_10_5000;-0.37730548120799196
1;0.9458740382881929_0.28387669472135935_4.8849029543102454E-5_0.15391840236446805_0.6396846783954181_0.759825239058503_0.786855186270855_0.26692287033848816_0.28022780898492833_0.27837016887999044_0.0317640728450165_0.1427150789515765;28;0.5724825367120174;-1.0;0.2911113688758298;0.09088987561665689;0.999951150970457;MOEAD;NormSystem_obj_5_conf_200_10_5_0.05_10_5000;-4.8849029543102454E-5
1;0.9445994376829223_0.4030381828284354_0.5952853643838228_0.0037348288103645766_0.016709123861023953_0.44517541114132875_0.005734569644869875_0.003455099259472684_0.021999266647109838_0.361270441718804_0.3487947442069387_0.2644804481676748;43;-0.016514854540878865;-1.0;0.6098591044337317;0.3518184969816072;0.40471463561617715;SPEA2;NormSystem_obj_5_conf_200_10_5_0.05_10_5000;-0.01037284023163217
2;0.9659540963076244_0.978410834953352_0.04855028897698127_0.0012166844706603328_0.24684778002229527_0.11338526531913423_0.958402564632393_0.0583262034309959_0.05718428990310932_0.3272887627822419_0.4861884427768356_0.07101230110681735;24;0.17180057192448528;-0.8;0.48618480403412456;0.28851475997373044;0.9514497110230187;NSGAII;NormSystem_obj_5_conf_200_10_5_0.05_10_5000;-0.0012166844706603328
2;0.9056419343691101_0.34403124431224585_3.447372754811684E-5_3.3611211055204274E-4_0.30073644956450263_0.9106797647011786_1.6990719319068563E-4_0.14832044305022563_0.24159720408490054_0.23854939127304356_0.23873596969968128_0.13279699189214894;24;0.05719950564765419;-0.8;0.6116518873216417;0.04792977957489064;0.9999655262724518;MOMBI2;NormSystem_obj_5_conf_200_10_5_0.05_10_5000;-3.3611211055204274E-4
2;0.9979914203757115_0.2820044296101865_0.013542321247773274_0.5234074732947593_0.8364952247169736_0.9671623851504942_1.6420106406803017E-4_0.004681495577836138_6.671532924026991E-4_0.43326295498211004_0.20478854657489978_0.3565998495727513;23;-0.5717463781784611;-0.6;0.9737205129252015;0.18234096092705332;0.9864576787522267;MOEAD;NormSystem_obj_5_conf_200_10_5_0.05_10_5000;-1.642010640680301E-4
2;0.9958008920631919_0.9971589924251633_5.1147743348189945E-6_0.002454194623593059_0.7954000564842219_0.21633039006990573_0.0014934355566547815_0.004738899908396591_5.895820679172679E-4_0.39219015492934545_0.35847824335621264_0.24400311973812808;44;-0.1327250229615906;-0.19999999999999996;0.6680930633085618;-0.11635908884905699;0.9999948852256652;SPEA2;NormSystem_obj_5_conf_200_10_5_0.05_10_5000;-0.001452298321623779
3;0.9696820995321368_0.5004007317303156_0.48575459767861623_0.01667404042493567_0.4473921764003209_0.16316400807403802_0.512782255761316_0.692538113836699_7.430816550754685E-4_0.11355386870198755_0.1438937533311618_0.04927118247507622;24;0.5934668777866032;-1.0;0.30998933167935655;0.017071821159520138;0.5142454023213838;NSGAII;NormSystem_obj_5_conf_200_10_5_0.05_10_5000;-0.692538113836699
3;0.9959476061146756_0.6556948763659274_0.00216463257548646_5.969939055738283E-4_0.002273403648994607_0.9040758289067319_2.0408784783798024E-5_0.021238713770250432_0.22918116622780016_0.30480569926340645_0.20782066685921285_0.23695375387933;26;-0.19297046325687073;-0.4;0.7424012675706968;0.31848090343354823;0.9978353674245135;MOMBI2;NormSystem_obj_5_conf_200_10_5_0.05_10_5000;-5.969939055738283E-4
3;0.9368983948966234_0.5759519238450946_3.62166848598606E-5_0.9983425873456098_0.16466574098635609_6.541858332210191E-5_0.6243092711983291_0.0012840041339256556_0.41352717816672985_5.516430509000925E-4_0.18305339473341112_0.4015837799150333;36;0.33844273855058005;-0.4;0.36402252423584164;-0.15564129933384155;0.9999637833151401;MOEAD;NormSystem_obj_5_conf_200_10_5_0.05_10_5000;-5.000647024480785E-5
3;0.9785441482832409_0.922214633633678_0.0010995943694659394_0.18230759127296536_0.3628244781821384_0.005377084553253725_0.987293451702558_0.03215990390914753_0.42963182022532276_0.007295283975300191_0.19132829481802602_0.33958469707220346;26;0.44110958806153333;0.19999999999999996;0.3578132951153657;0.4035174296504595;0.9989004056305341;SPEA2;NormSystem_obj_5_conf_200_10_5_0.05_10_5000;-0.005377084553253725
4;0.9867543389869008_0.19870300299838192_0.08543658239643327_0.11415260024836502_0.3860865823910682_0.033276584985354726_0.9739471104525114_0.018313470434234567_0.013327229714505211_0.22361401283371554_0.1621387435035238_0.5826065435140209;36;0.39302550090761557;0.0;0.33611514113077173;-0.1165989720825243;0.9145634176035667;NSGAII;NormSystem_obj_5_conf_200_10_5_0.05_10_5000;-0.2621640677056323
4;0.8526524681212667_0.8700121826414703_0.018151424187406402_0.16898263805426134_0.08054069270173571_0.24737436923086215_5.980139490245682E-6_0.011933577833166202_0.09732893009030825_0.35925289357890144_0.16426267427481794_0.36722192422280614;26;-0.06353519397765228;-0.19999999999999996;0.6484241761256466;0.1440437695305699;0.9818485758125935;MOMBI2;NormSystem_obj_5_conf_200_10_5_0.05_10_5000;-0.24737436923086226
4;0.1911399945903361_0.03349783928413974_0.677916795188995_0.12022999754946587_0.00627163520025642_0.9843222005444744_6.841160769796139E-5_0.001255519365246102_0.029337310090865976_0.7171750161163056_0.027050852423223425_0.22518130200435896;48;-0.5004123849596467;-0.6;0.8889930253599585;0.7342123881439026;0.32208320481100505;MOEAD;NormSystem_obj_5_conf_200_10_5_0.05_10_5000;-0.35862171386200264
4;0.9938305980713857_0.7018250703661467_0.02113076368219391_0.9543455107720691_0.27094397378571716_0.36636881652970765_2.8523337285098096E-5_0.003954811959481487_0.037554874560423994_0.5189473752848074_0.011575765344766177_0.4279671728505211;26;-0.45308153798085016;-0.6;0.871351241542078;0.14112595131823058;0.9788692363178061;SPEA2;NormSystem_obj_5_conf_200_10_5_0.05_10_5000;-2.8523337285098096E-5
5;0.9872578076025645_0.9800735234035388_0.19104765481562233_0.24975843572546774_0.8175182077852674_0.042376535194423096_0.9844870033208857_0.07242697791766176_0.5947231124072688_0.06473795737432457_0.048082276519002064_0.22002967578174273;26;0.25748514991755145;0.19999999999999996;0.3926835702990805;0.02396227717419289;0.8089523451843776;NSGAII;NormSystem_obj_5_conf_200_10_5_0.05_10_5000;-0.594723112407269
5;0.9878305914652432_0.0623062586674315_8.851506646777524E-5_0.48060884778045515_0.1794579465458288_0.8722498440846451_0.008593638923706542_0.022059401659640626_0.07642248298246476_0.4139973045929654_0.38212099956730533_0.10539981119762369;23;0.0528665022102508;-0.4;0.5604783406311007;0.3401766407294619;0.9999114849335322;MOMBI2;NormSystem_obj_5_conf_200_10_5_0.05_10_5000;-0.3821209995673052
5;0.951010155990855_0.8082573319610507_0.0030346757580874684_0.006137217976073951_0.7503402535285386_0.9609014371198014_6.825773996962058E-4_0.010237120242915069_4.992083898154616E-4_0.522673638442525_0.4401928300459941_0.02639720287875032;32;0.36895885220644165;-0.4;0.3798321664221644;0.18371855015463232;0.9969653242419125;MOEAD;NormSystem_obj_5_conf_200_10_5_0.05_10_5000;-0.2204377037228453
5;0.9899362526787592_0.9957470550657982_8.102084920219065E-4_0.021143222062278137_0.5854873287956552_0.11853204118858299_0.5311812827071815_0.033567372155226795_0.47290958254339116_0.14320431710244633_0.013417631826201412_0.3369010963727343;25;0.6427251634070426;0.6000000000000001;0.28766875946934084;-0.12442816418602905;0.999189791507978;SPEA2;NormSystem_obj_5_conf_200_10_5_0.05_10_5000;-0.47290958254339105
6;0.9973256846326483_0.5141600329819407_1.2377699046543446E-11_0.809006726047857_0.10824412932758593_0.9999988938131871_0.5359763333860799_8.48793017957507E-6_3.6200123856091844E-6_0.49472409251025523_0.42376553983167425_0.08149825971550524;27;-0.030525281313669828;-0.4;0.5034108576732717;-0.31951093720227325;0.9999999999876223;NSGAII;NormSystem_obj_5_conf_200_10_5_0.05_10_5000;-0.10824412932758597
6;0.9983772442022883_0.22182375588147_0.008778961829171865_0.0251339898699523_0.08098937797113284_0.9764149330592563_0.05127293536574409_0.03487103822800514_0.1268435703779743_0.398043025659529_0.2799317280880591_0.16031063764643244;24;0.16784105700419594;-0.4;0.5310383475509209;0.3792408188577989;0.9912210381708282;MOMBI2;NormSystem_obj_5_conf_200_10_5_0.05_10_5000;-0.27993172808805894
6;0.9253785530835765_0.4810786887956009_0.011822541180776584_2.8470557109197027E-4_0.6801621288939167_0.014387556936599466_0.9924794444551829_0.0974053966187691_0.013925281557790894_0.16990231569517886_0.27666371184153404_0.4421032942867272;27;0.6410404809301966;-0.6;0.3294305157705539;-0.26497165770844;0.9881774588192234;MOEAD;NormSystem_obj_5_conf_200_10_5_0.05_10_5000;-2.8470557109197027E-4
6;0.9912455154433184_0.6698775867871439_0.006924337588533946_0.8125214974327426_0.6848673446866065_0.3162423338809135_4.429264975280968E-5_0.021324741812235124_0.005263204599841552_0.794324446207635_0.04086613587849501_0.13822147150179337;41;-0.18858671048903441;-0.8;0.6426134036732138;0.21868439556010116;0.993075662411466;SPEA2;NormSystem_obj_5_conf_200_10_5_0.05_10_5000;-0.3487526527483351
7;0.9431890096010018_0.8964929206415154_0.17629159072046652_0.20821824389070231_0.3582138581968599_0.036546319677194454_0.9899408110303942_0.025249663842514557_0.004194370631451428_0.06143447859993184_0.44372336061825984_0.4653981263078423;40;0.010858244542811923;0.6000000000000001;0.5336388374572673;-0.4039320701392304;0.8237084092795335;NSGAII;NormSystem_obj_5_conf_200_10_5_0.05_10_5000;-0.270673118218307
7;0.8920887184646442_0.1584965679641024_0.003045483516795769_0.004640128528590322_0.09686553095168664_0.6865679225606993_0.08050993421649402_0.11255088627180194_0.31050404703472445_0.30169026431697077_0.10408060799691814_0.1711741943795848;24;0.4272510083848249;-0.8;0.39260291103087147;0.23173608716047037;0.9969545164832042;MOMBI2;NormSystem_obj_5_conf_200_10_5_0.05_10_5000;-0.31050404703472445
7;0.19229869836946736_0.29767540896466066_0.6940129466899174_0.8472694859863277_0.4719829560361134_0.9693078871000875_1.5941476720293668E-5_0.005505777940417205_0.013397175641744042_0.4148480670312729_0.43452705972647265_0.1317219196600932;41;-0.2903717955357359;-1.0;0.7277645892747706;0.1920613654873186;0.3059870533100826;MOEAD;NormSystem_obj_5_conf_200_10_5_0.05_10_5000;-0.1801790880680809
7;0.9951813909829949_0.9182027616840558_0.5256101977669931_0.10182706496244001_0.5973799560974878_0.994817524618869_0.008893110216637912_0.009260442809741315_0.009520365651213272_0.14319969285507597_0.4397490211099055_0.39827047757406403;25;-0.5131399252810072;-0.19999999999999996;0.9381409604170629;-0.07121101190370839;0.47438980223300686;SPEA2;NormSystem_obj_5_conf_200_10_5_0.05_10_5000;-0.4397490211099056
8;0.92892100084754_0.9820698586301915_0.10010661216334679_0.019667264013172536_0.31729764993203646_0.14367881939795224_2.3309031242135791E-4_0.05846505155071686_0.02829678908001417_0.03034248408134326_0.19898996724475695_0.6839057080431686;28;-0.3078474023020259;0.3999999999999999;0.7954436241651607;-0.32181461797040617;0.8998933878366532;NSGAII;NormSystem_obj_5_conf_200_10_5_0.05_10_5000;-0.6839057080431686
8;0.9974587765018644_0.798976988676593_1.5494436414847414E-5_0.00552399541165091_9.777539745535468E-5_0.9309558259867623_0.0010174638694767175_0.015770118474265096_0.21499516100320415_0.3414649717075034_0.32869430114501486_0.09907544767001253;26;0.12891567992429198;0.0;0.5456924153654882;0.35846912022149197;0.9999845055635852;MOMBI2;NormSystem_obj_5_conf_200_10_5_0.05_10_5000;-9.777539745535468E-5
8;0.9148569660184277_0.8657217018165905_0.0056971952794989626_0.032927974920266334_0.6276901871374636_1.6345311104518957E-4_0.9749439412248507_0.024999442649701123_3.0729207488824575E-4_0.058706854866706876_0.6214283401493743_0.29455807025932945;40;0.023840722084422894;0.0;0.5988168174244757;-0.6115552445039161;0.994302804720501;MOEAD;NormSystem_obj_5_conf_200_10_5_0.05_10_5000;-0.35739076315808427
8;0.9861420044889159_0.9941740642833977_0.00669287257267902_0.060378070782264426_0.1461971846446371_0.10615172246447524_0.9661676112177031_0.04769084411704854_0.012034563369645208_0.22204728580216945_0.6554525423434281_0.06277476436770872;28;0.05089238159617482;-1.0;0.5815237292604487;0.2127537394476618;0.993307127427321;SPEA2;NormSystem_obj_5_conf_200_10_5_0.05_10_5000;-0.6554525423434281
9;0.9479177045078607_0.2522780509259134_0.9655701116456444_0.8701213200848903_0.20709597240050182_0.18369133425807077_0.7437102908885687_0.0012049826876230866_0.010739973997676172_0.03144764343002182_0.935633294616915_0.0209741052677638;24;-0.2956304078251988;-0.4;0.7180729476203334;-0.8771891399545568;0.034429888354355564;NSGAII;NormSystem_obj_5_conf_200_10_5_0.05_10_5000;-0.9356332946169147
9;0.9876906327961056_0.8283730649730878_0.02721156898753227_0.07659031578790539_0.04237336202517594_0.2241020750031448_0.03908512561987548_0.009766500974373133_0.11910015598505391_0.41859153344358496_0.15403150180510566_0.2985103077918822;25;0.23022082426507395;-0.6;0.46567441620492533;0.3506010320141902;0.9727884310124677;MOMBI2;NormSystem_obj_5_conf_200_10_5_0.05_10_5000;-0.22410207500314466
9;0.6415461718991147_0.5238134524227152_0.03637432926232087_0.035638491531236216_0.4620916867795114_0.7706454351836992_0.34024146286796075_0.42285613331930005_0.1251606199935082_6.679884387098836E-4_0.19714331413135608_0.25417194411712585;25;0.5651661747202935;0.0;0.30002002825447144;0.40583712874810857;0.9636256707376791;MOEAD;NormSystem_obj_5_conf_200_10_5_0.05_10_5000;-0.4228561333193
9;0.997646395477673_0.7592286803901658_0.018919610406917264_0.009333659695544554_0.7273823026028818_0.055088928218598156_0.7083320064947112_0.4918077282701811_0.0654219065796595_0.29226657237639697_0.08381908002354264_0.06668471275021988;41;0.6054564790760166;-1.0;0.29202807954210575;0.38873308767876713;0.9810803895930827;SPEA2;NormSystem_obj_5_conf_200_10_5_0.05_10_5000;-0.2799898445057064
10;0.9838570359232318_0.7893470910087854_0.13756132619537423_0.14000854744278285_0.9615286596109412_0.30938887458040687_0.03772996060750701_0.4187568334890754_0.0031519257718892464_0.38011509068383326_0.009927010566382613_0.1880491394888194;25;0.11541337608643865;0.0;0.5861201265505096;0.38659712305819777;0.8624386738046258;NSGAII;NormSystem_obj_5_conf_200_10_5_0.05_10_5000;-0.4187568334890753
10;0.9783787009844906_0.8648019765935953_0.014937606039484828_0.29437665137070856_0.9684329200366589_0.4654008970517912_0.9999257012757277_0.3085937622480543_0.2478945548654675_0.313842323165981_0.04734349738628484_0.0823258623342125;24;0.5551957679165078;-1.0;0.2864072840153097;0.31497065457387186;0.9850623939605152;MOMBI2;NormSystem_obj_5_conf_200_10_5_0.05_10_5000;-0.3085937622480542
10;0.9909739309331516_0.6281059921359892_0.1743476982990134_0.0036728256252142773_0.010408900554893184_0.7247310117224283_0.9990845292923825_0.23130326566626652_0.22634713693766845_0.22838141314275298_0.08546057342056179_0.2285076108327502;25;0.5514882443324112;-0.6;0.3261286963664731;0.23676276068054022;0.8256523017009866;MOEAD;NormSystem_obj_5_conf_200_10_5_0.05_10_5000;-0.010408900554893184
10;0.9914525968201785_0.9707761244702453_0.44150178064050355_0.5803207603096965_0.5789064263543432_0.5834736414860054_1.8642378517144762E-4_0.005671818881607591_0.0022000776310090882_0.39432224238396074_0.28443943209618233_0.31336642900724027;22;-0.48852708869130756;0.19999999999999996;0.9005979281718526;-0.053162604733502344;0.5584982193594965;SPEA2;NormSystem_obj_5_conf_200_10_5_0.05_10_5000;-1.8642378517144762E-4
11;0.9812708005482546_0.5682743443133929_0.28611807979292003_0.09015371528224299_0.3374725186645044_0.023279146153935948_0.8732692362322847_0.5789753308965657_0.007524929541238683_0.06450176883897225_0.012405769327098422_0.33659220139612495;40;0.6153868642564011;0.0;0.33409479392561414;3.108829129183133E-4;0.71388192020708;NSGAII;NormSystem_obj_5_conf_200_10_5_0.05_10_5000;-0.2872348339066849
11;0.9847250445600021_0.7745758459796686_0.003928609028751651_0.0010122994578549566_0.007508149685855666_0.2669282445225271_0.007882875012479584_0.27508908659188674_0.020853683717030964_0.28189625782194067_0.14821197947436474_0.27394899239477694;29;0.3795897558688017;0.19999999999999996;0.4869358820019941;0.27480621666687516;0.9960713909712483;MOMBI2;NormSystem_obj_5_conf_200_10_5_0.05_10_5000;-0.0010122994578549566
11;0.9503429652064198_0.7437439753453747_0.0064509145031996975_0.4990772183082442_0.5781539200988106_0.11773067219720203_0.4648925579812768_0.13467090438832405_0.5397957341239332_0.05069212121931445_0.21348703791680518_0.06135420235162298;26;0.5518095901102511;-1.0;0.31058670658379867;0.3476761591278862;0.9935490854968003;MOEAD;NormSystem_obj_5_conf_200_10_5_0.05_10_5000;-0.5397957341239331
11;0.9988742021935125_0.8494908561451979_0.013434784991900373_0.8409466106868183_0.09545031051170777_0.5910778687621279_0.007183202682292781_0.02996652862736402_0.01034631580473438_0.8844396393675187_0.013912175186765708_0.061335341013617206;25;-0.07830225672865732;0.3999999999999999;0.5137680435878897;0.8691372267061069;0.9865652150080997;SPEA2;NormSystem_obj_5_conf_200_10_5_0.05_10_5000;-0.8844396393675186
12;0.9925290200566121_0.9931739312070469_0.05235568818908359_0.8225196414577824_0.9979584238952444_0.40017436285774877_2.982316903589052E-6_0.0013604961292873789_5.209523831732783E-5_0.7040299264592182_0.19434828612529004_0.10020919604788683;48;-0.17174980208941748;-0.8;0.6322510185638743;0.06899777692437006;0.9476443118109164;NSGAII;NormSystem_obj_5_conf_200_10_5_0.05_10_5000;-0.38135091039399077
12;0.9306623676859155_0.913856551639179_8.751894994105027E-5_0.0021356770776765586_0.03213121007879999_0.02223579196220478_0.9517108848974469_0.07852313999282488_0.5158332300336032_0.024427512113769_0.2750128500936217_0.1062032677661811;41;0.3285948249001195;-0.6;0.37584690321461456;0.5411072178605192;0.9999124810500589;MOMBI2;NormSystem_obj_5_conf_200_10_5_0.05_10_5000;-0.27505399194999414
12;0.9613978060669419_0.939921263243336_0.001475879275420025_0.9842428634658514_1.5920673251207168E-4_0.14671473244300975_0.5081858300116935_0.3056775729930021_0.285045325829169_0.0033405039872578166_0.30239650222562947_0.1035400949649416;24;0.6464484414810969;0.3999999999999999;0.30143955288662266;0.3205209015011196;0.99852412072458;MOEAD;NormSystem_obj_5_conf_200_10_5_0.05_10_5000;-1.5920673251207168E-4
12;0.9929034812840946_0.7015757242571296_0.19338227409766034_0.026232046121995093_0.581222320678696_0.035817152275647135_0.9593986378432752_0.018184819890619982_0.45169372355933646_0.07099984792259163_0.2503156059054457_0.20880600272200625;24;0.1896898448538037;1.0;0.42951772560479734;0.469721846349826;0.8066177259023397;SPEA2;NormSystem_obj_5_conf_200_10_5_0.05_10_5000;-0.035817152275647156
13;0.9728539258564554_0.7236945135207_0.7003510627226611_0.6836471641512187_0.9610045298435389_0.08187949437685066_0.9118121917593301_0.035180246077261695_0.3985378140408552_0.034575851650276684_0.2490326426356797_0.2826734455959267;22;0.1705826793169889;0.8;0.4230128054832888;0.3848039050722536;0.2996489372773389;NSGAII;NormSystem_obj_5_conf_200_10_5_0.05_10_5000;-0.39853781404085525
13;0.9970442494361863_0.6054396229993839_0.003962690974971287_0.04178007163047337_0.23361729822119084_0.9411544337629554_2.8526209254121698E-5_2.262962049997536E-4_7.593459875587123E-5_0.6577866823982962_0.3139276549375846_0.02798343186036347;23;0.13970490190610763;0.0;0.4151789255390037;0.6013635361813129;0.9960373090250287;MOMBI2;NormSystem_obj_5_conf_200_10_5_0.05_10_5000;-0.657786682398296
13;0.909218759687693_0.9370584400479427_8.957694571176112E-4_0.047315622251718925_0.6836711134058101_0.9734747342510346_1.3131011892102422E-5_0.0015061718985650559_9.621182021083804E-5_0.6004325255784848_0.16606481683080315_0.2319002738719361;37;-0.3835814610872643;-0.6;0.8533047389736502;0.4442040237577243;0.9991042305428824;MOEAD;NormSystem_obj_5_conf_200_10_5_0.05_10_5000;-0.30833660389743983
13;0.973520481898627_0.9885795329291677_0.0026755002354814927_0.0038663368386381847_0.06891102056148835_0.42623091783761097_0.9788029345243647_0.2726393459612168_0.08880865987408024_0.26747113135556144_0.09853578679994521_0.2725450760091964;27;0.6541522718047357;0.0;0.2930613709150775;0.28063732900096877;0.9973244997645185;SPEA2;NormSystem_obj_5_conf_200_10_5_0.05_10_5000;-0.0038663368386381847
14;0.9628140799807129_0.29353532818729977_0.031782462072045756_0.17334083132168504_0.11999605087727094_0.13160694460641523_0.07160364087601367_0.017635200711951855_0.3083235985985954_0.07377686788273936_0.3047500395293288_0.2955142932773845;25;0.3267691598527289;-0.8;0.4030159687242181;9.381204674240011E-4;0.9682175379279543;NSGAII;NormSystem_obj_5_conf_200_10_5_0.05_10_5000;-0.11999605087727087
14;0.9647463757107093_0.40648318601252276_0.01465054068395464_0.013871686706110135_8.798055684909184E-4_0.9632595739981478_1.4169651110834966E-5_0.056235463747190975_0.22760190586428813_0.2826843766756776_0.1421207740470662_0.29135747966577713;24;-0.35673854301998476;-0.8;0.8334364445945814;0.2962702764127458;0.9853494593160453;MOMBI2;NormSystem_obj_5_conf_200_10_5_0.05_10_5000;-8.798055684909184E-4
14;0.9696040132694973_0.7399311442101815_0.0010382037299811993_0.8428294647281396_0.999727376038898_4.526093544092862E-4_0.7443260278349495_9.789050682825794E-4_0.4896526666478248_7.3118637191128E-4_0.18713300857696843_0.32150423333501293;24;0.11793005217407249;-1.0;0.40287986070803955;0.5125597543536701;0.9989617962700188;MOEAD;NormSystem_obj_5_conf_200_10_5_0.05_10_5000;-4.5260935440928624E-4
14;0.9982419757522586_0.9157376671823788_0.0023413064473153024_0.02881545300231763_0.01103437163531073_0.3045711697938311_0.27818653743458394_0.6601414544016917_0.00348677860964936_0.1527264943418472_0.12086607856202411_0.06277919408478752;25;0.7835208547421961;0.0;0.2625538715501045;0.1425958490117144;0.9976586935526847;SPEA2;NormSystem_obj_5_conf_200_10_5_0.05_10_5000;-0.6601414544016921
15;0.9752594794780838_0.935201152027706_0.2191311261895626_0.025583110181118845_0.1781236732883908_0.036523776022571786_0.9901492389635357_0.022363419421971734_0.0024798838920356034_0.09358625994451505_0.6577369348144206_0.22383350192705692;40;0.10212126505514896;-0.6;0.5662966771779726;0.04933486485432372;0.7808688738104375;NSGAII;NormSystem_obj_5_conf_200_10_5_0.05_10_5000;-0.3471303554184962
15;0.991664599161836_0.16576402492269382_2.860458965457677E-4_0.0016570085184828415_0.2574827436718821_0.8773822092324319_9.096550037953222E-5_0.0647439604270718_0.11455532773821095_0.406439385347251_0.02104191957993051_0.3932194069075358;22;-0.4969418980649871;-0.4;0.924940104940504;0.2953885425564183;0.9997139541034542;MOMBI2;NormSystem_obj_5_conf_200_10_5_0.05_10_5000;-9.096550037953222E-5
15;0.9950289017637091_0.48941408559102906_0.5666988846345526_0.1330893603137211_0.7660335988270058_0.1811648464093628_0.007950004116019023_0.22918104810111858_0.03833056201813128_0.1807241044344599_0.025376342745215146_0.5263879427010751;23;-0.45198420030236175;0.8;0.903281437155601;-0.18236728387514606;0.43330111536544735;MOEAD;NormSystem_obj_5_conf_200_10_5_0.05_10_5000;-0.5263879427010749
15;0.989195488140798_0.8754313953035783_0.9804791288338816_0.5626245053212723_0.01344744824895866_0.05043300784567829_0.7813642053182227_0.0058822849726393395_0.6651290331414095_0.002129522645367075_0.3170261392656244_0.00983301997495974;39;0.13459401963319462;-0.6;0.42575400732721475;0.5703376624511542;0.019520871166118448;SPEA2;NormSystem_obj_5_conf_200_10_5_0.05_10_5000;-0.3476431328091902
16;0.991379314989319_0.9798752393082457_8.493141128603746E-17_0.8910499766317469_0.9732667953107317_0.9999999998976563_1.8665411332368027E-5_2.111983057597223E-4_2.0471741241367694E-5_0.3988663816051175_0.3960467715397742_0.20485517680810728;62;-0.49228945271547575;0.19999999999999996;0.9051638614193531;-0.06494923812312657;0.9999999999999999;NSGAII;NormSystem_obj_5_conf_200_10_5_0.05_10_5000;-0.15440651286406654
16;0.9957837750281159_0.9637716773934106_1.5035989968120896E-4_0.005590211506015365_0.21976413854107718_0.9385661868974118_1.665652156016919E-4_0.09598502155900661_0.18543211114777025_0.4046622513245495_0.30116287861638197_0.01275773735229177;25;0.4919136128397327;-0.4;0.3519666147866512;0.2773759936567179;0.9998496401003187;MOMBI2;NormSystem_obj_5_conf_200_10_5_0.05_10_5000;-1.6656521560169188E-4
16;0.8148763261850336_0.5168053475765666_0.007337600293696676_0.5526097423554666_0.6564519575637271_3.521107356747877E-5_0.5481645663809328_0.003386252067202421_0.3183792524641937_0.08034589033576828_0.30108172470880656_0.29680688042402903;27;0.22177241704292572;0.6000000000000001;0.41396440618445274;-0.27777821297652683;0.9926623997063033;MOEAD;NormSystem_obj_5_conf_200_10_5_0.05_10_5000;-3.521107356747877E-5
16;0.9826130277522592_0.993142546737583_0.8788072679616459_0.2300106928383786_0.12865865087201916_0.2519466241419148_0.9572449947728285_0.0270574920214912_0.40523994478952036_0.03354577224752956_0.2779248853486084_0.25623190559285053;24;0.2892774995444194;-0.6;0.37116961001410914;0.2913983497005031;0.12119273203835412;SPEA2;NormSystem_obj_5_conf_200_10_5_0.05_10_5000;-0.4052399447895205
17;0.991965902966404_0.8769911494285153_0.012897327914687673_0.16679657314637134_0.10915611791948994_0.10338312300446442_0.36130135783562334_0.012870673132078106_0.0019408426333281407_0.010138014433281268_0.6179260355605312_0.35712443424078133;41;-0.024375883766338147;-0.19999999999999996;0.48706082492274194;-0.3867313916137638;0.9871026720853123;NSGAII;NormSystem_obj_5_conf_200_10_5_0.05_10_5000;-0.23334818485721195
17;0.9512844185314233_0.965454348429544_0.012808637539784399_1.0059353667217366E-4_9.141111898279123E-4_0.31486997320282867_2.604391943888441E-6_0.2930196409587566_0.018011391812750233_0.21540845686128482_0.13349255803513244_0.3400679523320759;42;0.2372502622182635;0.0;0.5562180477994598;0.22150833917448964;0.9871913624602155;MOMBI2;NormSystem_obj_5_conf_200_10_5_0.05_10_5000;-4.583577908858996E-4
17;0.9988648780183844_0.4469221994726855_0.3086780512950579_0.8287178482707261_0.5036511893583127_0.027751038541957238_0.7505840738274367_0.02133409399132706_0.7646628109689759_0.0017598326105227186_0.09983962698966592_0.11240363543950835;29;0.18979259887630107;0.0;0.38833420627225906;0.6766984153401814;0.6913219487049421;MOEAD;NormSystem_obj_5_conf_200_10_5_0.05_10_5000;-0.7646628109689754
17;0.9742125697127321_0.5037496505419745_0.4858777257064877_0.8849905746622501_0.8779017091297509_0.7208886504334582_5.458568598968455E-5_0.0026245757202639623_0.010033890707028_0.3184507886239615_0.3188904133320392_0.3500003316167073;24;-0.5674300815480631;0.19999999999999996;0.9676769764825556;-0.17226102631345194;0.5141222742935123;SPEA2;NormSystem_obj_5_conf_200_10_5_0.05_10_5000;-5.458568598968455E-5
18;0.9596897293113785_0.9482906540926639_0.0033394367570075863_0.9761776919375658_0.9947458077690892_0.09885433144918168_9.926891816096523E-8_0.0016601080585104343_7.12402862502914E-4_0.5656576711150646_0.41993834754660536_0.012031470417316717;40;-0.128182107996603;-0.19999999999999996;0.4748203002574559;3.608462196439915E-4;0.9966605632429925;NSGAII;NormSystem_obj_5_conf_200_10_5_0.05_10_5000;-0.04942721535904993
18;0.989781559141886_0.8542196652902231_0.004704352115868583_0.03648331997832184_0.4199011950248865_0.14052762036386374_0.012802236276615586_0.16521386869593235_0.02816644893085803_0.3878688600267563_0.27659889132188303_0.1421519310245702;25;0.332660874992449;-0.4;0.4571718975820363;-0.04133920502831003;0.9952956478841314;MOMBI2;NormSystem_obj_5_conf_200_10_5_0.05_10_5000;-0.1405276203638638
18;0.9467448080032064_0.31142855785969215_5.24534551957093E-6_0.9221529137598535_5.636665876179725E-4_0.15071953167163293_0.5537746648401555_0.32036030921510594_0.3163973472364899_0.027554798979905995_0.020056234334266006_0.31563131023423213;43;0.7908928772431462;-0.8;0.24084716440092296;0.012830450203494853;0.9999947546544804;MOEAD;NormSystem_obj_5_conf_200_10_5_0.05_10_5000;-2.390030747700646E-4
18;0.9987678520675771_0.652392136319937_0.010042430774752774_0.04315594042481966_0.7098818579617878_0.0021899872873808726_0.9984340332080406_0.004285077497767962_0.0012209320822723986_0.09468260762544718_0.48115286204317415_0.41865852075133836;23;0.01557489344412033;0.19999999999999996;0.5548862202980644;-0.45971302351051274;0.9899575692252472;SPEA2;NormSystem_obj_5_conf_200_10_5_0.05_10_5000;-0.002189987287380873
19;0.9924910015127885_0.22830885764491926_0.7116464484475868_0.12608269336140607_0.1263822852413336_0.9869654935767342_0.8719402501943481_0.00360516872123172_0.2993699750700896_0.28999632928748953_0.2877733868653689_0.11925514005582032;24;0.27349390977128585;0.0;0.36522378968402386;0.29073447189645824;0.28835355155241316;NSGAII;NormSystem_obj_5_conf_200_10_5_0.05_10_5000;-0.2993699750700898
19;0.9956898124590221_0.8424303217553608_0.015530792671776636_0.08575715380281124_0.20280705186806275_0.9366271201838182_5.809098713147054E-5_0.03090890946825713_0.07953805726928023_0.5984931224671081_0.03991909750921659_0.2511408132861378;27;-0.42884944463234986;-0.8;0.8657085656680701;0.5726260653908924;0.9844692073282234;MOMBI2;NormSystem_obj_5_conf_200_10_5_0.05_10_5000;-5.809098713147054E-5
19;0.7973458783768566_0.6978726748535758_2.4282302834226915E-5_0.024634438805821557_0.7497189963280607_0.5555185427913791_2.0840439977475728E-4_0.008578201281555543_0.016116750237296636_0.5748111307354388_0.3267935029132792_0.07370041483242992;61;0.2386393211948774;-1.0;0.5021477317383745;0.06312174124399247;0.9999757176971658;MOEAD;NormSystem_obj_5_conf_200_10_5_0.05_10_5000;-0.17911963778242831
19;0.9925090999967475_0.614418304432514_5.802262693662677E-6_0.012820677268119834_0.7001622811406067_0.6419074178878538_0.051057363078025_0.5244655845120927_0.03401128377200961_0.01855786623972868_0.20671205575965246_0.21625320971651663;40;0.02871709239268716;-0.6;0.6117415802132044;0.5506878308406159;0.9999941977373064;SPEA2;NormSystem_obj_5_conf_200_10_5_0.05_10_5000;-0.24912419883115827
20;0.9813902780313393_0.9797994401129171_0.2879442569650179_0.003200553281017579_0.007834770475172032_0.7146827504077226_0.007423807721990936_0.04933176382396493_0.24767388849518143_0.26268423229154725_0.2623099204541295_0.17800019493517688;23;0.006774509895705605;0.0;0.6022125168161232;0.26828530916387827;0.7120557430349821;NSGAII;NormSystem_obj_5_conf_200_10_5_0.05_10_5000;-0.003200553281017579
20;0.997108388071808_0.4463139864400876_0.16207656908985738_0.08045862883580518_0.489906176114544_0.1725572194657387_0.005630339010992358_0.1882450041270677_0.01745776027150665_0.37291534846451707_0.002653191268600772_0.4187286958683077;45;-0.12176468095198612;0.3999999999999999;0.7521759794154921;0.02819353669616666;0.8379234309101427;MOMBI2;NormSystem_obj_5_conf_200_10_5_0.05_10_5000;-0.2764962872801569
20;0.9589849609502177_0.870335776899675_0.9753241800971948_6.208629789560549E-4_0.8154776409760726_0.248469449009749_0.646422988347529_0.728844643853887_0.10673880722663087_0.08716626183422595_0.06326877148350134_0.013981515601754844;36;0.3890314770404657;0.19999999999999996;0.4132558433460359;0.1016728667728998;0.024675819902805207;MOEAD;NormSystem_obj_5_conf_200_10_5_0.05_10_5000;-0.3647327534164211
20;0.9934598984435512_0.7579866485670399_6.3769539617175575E-6_0.3430709248090536_0.9483269544593425_0.5527154503269175_7.85164077004085E-4_0.004210518935484534_0.03528889157723056_0.4606895765578571_0.4226852317866111_0.07712578114281674;25;0.006857246551576601;-0.4;0.5495632935252295;-0.014425450401063623;0.9999936230460382;SPEA2;NormSystem_obj_5_conf_200_10_5_0.05_10_5000;-6.3769539617175575E-6
21;0.98943340582986_0.7574015562292364_0.7852040829224154_0.17821202981242867_0.18502923765224555_0.411251332060064_0.044434871663427335_0.0060701571470846635_4.5386483729806655E-4_0.09915529944784485_0.1685449030862111_0.7257757754815612;27;-0.46724271326889966;-0.8;0.8979854402258389;-0.021803219266301414;0.2147959170775846;NSGAII;NormSystem_obj_5_conf_200_10_5_0.05_10_5000;-0.7257757754815617
21;0.9998947407401256_0.9497871259089322_0.007656871538036361_0.006416774574670655_4.5509882282590564E-4_0.4387726827540194_6.43274017321135E-4_0.4693587304923397_0.08984558631225102_0.29819655953709856_0.03154794485901836_0.11105117879929234;23;0.39450259641802354;-0.4;0.45045302212303745;0.3122886250193175;0.9923431284619636;MOMBI2;NormSystem_obj_5_conf_200_10_5_0.05_10_5000;-0.46935873049233995
21;0.9479504901076882_0.9503666928788495_5.3555380822880444E-5_0.03549537662517091_0.13962002437654486_0.5666500195117437_0.9961146966712751_0.2555898982875008_0.21269516497861338_0.24463372937269504_0.05412262375635287_0.23295858360483784;24;0.5782933604927305;0.19999999999999996;0.3073364053601284;0.2607462554820009;0.9999464446191771;MOEAD;NormSystem_obj_5_conf_200_10_5_0.05_10_5000;-5.3555380822880444E-5
21;0.9995457641751406_0.9912389605108601_0.042064167114537976_0.18300140177561844_0.42237641052945785_0.02084427652491791_0.8456788535975414_0.17823183797374947_0.0032545559316462104_0.37059466724534595_0.15270325484705838_0.29521568400220005;25;0.6659423827992185;-0.8;0.28958396084622634;0.17159355519484082;0.957935832885462;SPEA2;NormSystem_obj_5_conf_200_10_5_0.05_10_5000;-0.020844276524917923
22;0.9195994876351803_0.8100536179131685_4.776946270571605E-6_0.9920788354560958_0.7211893360698058_0.0015440845677898917_3.417237264481567E-5_0.04692947645377492_0.0017019686632022643_0.393851088592963_0.1017076006637943_0.4558098656262654;23;-0.3381214834363768;-0.6;0.6632226721438246;-0.03708823224724824;0.9999952230537295;NSGAII;NormSystem_obj_5_conf_200_10_5_0.05_10_5000;-0.0015440845677898924
22;0.9662539740050651_0.8468518641559932_0.0168111931813679_0.010903181621404264_0.013739816477780695_0.4264837823987132_0.009623735998575073_0.07114632134588876_0.3647763441605426_0.4116696416531048_0.013542766039065039_0.1388649268013988;23;0.3416554470619846;0.6000000000000001;0.45985925697071334;0.4097550568120884;0.9831888068186321;MOMBI2;NormSystem_obj_5_conf_200_10_5_0.05_10_5000;-0.36477634416054266
22;0.9076756763162281_0.9824208067466679_0.5847691731118836_0.29641753128379006_0.2880938278603451_0.9567655545882235_9.39875349931738E-5_0.0686121504993604_1.6174254882672816E-4_0.49781289327003975_0.41258766982423895_0.020825543857534115;26;0.18054605609752228;-0.8;0.3826206867148526;0.38577295647718457;0.4152308268881164;MOEAD;NormSystem_obj_5_conf_200_10_5_0.05_10_5000;-0.4978128932700395
22;0.9426982400239174_0.5392190394509618_0.0038863400749509225_2.7985292494753927E-4_0.7452437317791523_0.9896559615458365_0.8125581005612696_0.03190478195990195_0.009507543271341469_0.4226810293932212_0.3385818474573328_0.19732479791820254;27;0.7752155785176817;0.0;0.29081539953125213;0.0023286538740470257;0.9961136599250491;SPEA2;NormSystem_obj_5_conf_200_10_5_0.05_10_5000;-2.7985292494753927E-4
23;0.9254078967210354_0.40994312372181463_0.26580609835431157_0.5867517924988404_0.5414192838760338_0.008175176076685803_0.9254532773207037_0.5543967059932238_0.0017324823418155937_0.06160962527353131_0.10702390067607465_0.2752372857153547;46;0.3199197935274426;-0.6;0.36212935844754257;0.5604466819369172;0.7341939016456884;NSGAII;NormSystem_obj_5_conf_200_10_5_0.05_10_5000;-0.2575371788646702
23;0.9593401666315811_0.9343675926376689_0.012098038515936908_0.0035321056552970846_0.02310557386059281_0.3512281821817336_4.450199621065798E-7_0.3287874098324928_0.05280550752842589_0.3311825957794754_0.021778232221621292_0.26544625463798455;24;0.25689987065206876;-0.4;0.5391907151908993;0.2945578546006104;0.9879019614840631;MOMBI2;NormSystem_obj_5_conf_200_10_5_0.05_10_5000;-4.450199621065798E-7
23;0.9116120542697063_0.2135487801441581_0.026535769738029014_0.0911539691094099_0.5231228419443663_0.20839517940182808_0.11882837750501206_0.5795642606251287_0.14206000965699014_0.013716724634213319_0.07996992289280958_0.1846890821908582;23;0.6230103771325486;0.0;0.3118206967247656;0.5695783419017932;0.9734642302619709;MOEAD;NormSystem_obj_5_conf_200_10_5_0.05_10_5000;-0.5795642606251284
23;0.9731207922622526_0.7074284438295406_0.0034266811730122027_0.7268775439345662_0.6470406677067789_0.7225362025773703_0.0013623438031163887_0.004729594564331244_0.01720053079863569_0.5073438975287214_0.3375067321613616_0.13321924494695003;25;-0.24573544563964012;-0.8;0.7048051052396133;0.09719510722878118;0.9965733188269879;SPEA2;NormSystem_obj_5_conf_200_10_5_0.05_10_5000;-0.5073438975287217
24;0.9604126213566919_0.5403881829669307_6.270879287214032E-12_0.16123659516877864_0.9971408940747859_0.9999962564964668_0.04618417605490591_3.4862520243404043E-4_0.0031025919759181285_0.37089209053290967_0.2786395426142755_0.34701714967446273;26;-0.38051111728768006;-0.6;0.858754741060954;0.0919225441271973;0.9999999999937291;NSGAII;NormSystem_obj_5_conf_200_10_5_0.05_10_5000;-6.270879287214032E-12
24;0.906751078926442_0.8631437444098456_0.17842202225410791_0.006389643275773585_0.11359852769756093_0.24696405442429026_0.9979885910780931_0.3046942065030713_0.017372295539571384_0.17469214855097917_0.2513829388882765_0.2518584105181016;24;0.6340848288560478;-1.0;0.284602453856196;0.11057572377799942;0.821577977745892;MOMBI2;NormSystem_obj_5_conf_200_10_5_0.05_10_5000;-0.30469420650307116
24;0.789856089185758_0.9055522606638687_0.009189885810555437_0.9811450599629626_0.9933991109819835_1.4580534634668152E-4_0.7318020579987505_0.001499955566044316_0.6635537400813526_3.550382647119318E-4_0.16902360093361016_0.16556766515428092;41;0.00932254062595439;0.3999999999999999;0.4441168275078785;0.6881985449185714;0.9908101141894445;MOEAD;NormSystem_obj_5_conf_200_10_5_0.05_10_5000;-0.3399401133813494
24;0.9982213998433123_0.7909112102477075_0.0031711593229288293_0.05528263721107621_0.9274992262900756_5.87661892692326E-4_0.5016824363205932_2.867579369523425E-4_0.018196185449023003_0.6006003057593012_0.10865542226371179_0.2722613285910117;32;0.4209669316091036;-0.4;0.3128867618276959;0.022406809334025442;0.9968288406770711;SPEA2;NormSystem_obj_5_conf_200_10_5_0.05_10_5000;-0.2818435887051656
25;0.9973788751045578_0.9660593999580953_0.7022523443411299_0.9437320179107774_0.4253507861117945_0.40347319442963764_2.907617361806874E-6_0.002138266537404516_8.551122454622988E-4_0.8029062022667501_0.08072541030546078_0.11337500864492214;26;-0.14223173679044065;0.19999999999999996;0.5882408004277205;0.4153998725596622;0.29774765565887007;NSGAII;NormSystem_obj_5_conf_200_10_5_0.05_10_5000;-0.8029062022667506
25;0.9985390776604964_0.9390853637927338_0.0022242407359361295_0.006703038847461168_0.016348968170456144_0.29374242959135355_0.0894586731618263_0.4800648772001804_0.009363291506473758_0.31541499446684135_0.05935064164859197_0.13580619517791248;26;0.8004584002236563;0.8;0.24134580790341273;0.07676905964860298;0.9977757592640639;MOMBI2;NormSystem_obj_5_conf_200_10_5_0.05_10_5000;-0.4800648772001802
25;0.9984046629723832_0.8194420052840536_0.001131498392106427_0.9558609847517084_0.9235662527368472_3.08159155314124E-5_0.9921439511948094_0.004085637967602157_0.0047606972072940824_0.13224154161065865_0.723780612606712_0.13513151060773326;22;-0.2747361147384395;0.19999999999999996;0.7432109881899094;-0.06531304246691093;0.9988685016078935;MOEAD;NormSystem_obj_5_conf_200_10_5_0.05_10_5000;-0.7237806126067118
25;0.9808802292660523_0.836186482933252_0.0011351195838640304_0.6954696489061508_0.9096531572438874_0.0016617674842194924_0.8170435000190079_0.0034116880551580716_0.555360919185332_0.14756929382969278_0.004033666094201456_0.28962443283561556;34;0.370042359948358;-0.6;0.3677974907832477;-0.1517855204975133;0.998864880416136;SPEA2;NormSystem_obj_5_conf_200_10_5_0.05_10_5000;-0.311081881670135
26;0.9757728866193461_0.45996686957710453_0.03809038079100924_0.9462887102278893_0.998821886166702_0.4039343769841_6.729494584538441E-7_1.6778070592490032E-4_1.849085143335049E-4_0.6634303586183139_0.2604710437658014_0.07574590839562638;24;-0.08886900893400562;-0.8;0.5696938033810839;-0.016826055316587166;0.9619096192089908;NSGAII;NormSystem_obj_5_conf_200_10_5_0.05_10_5000;-6.729494584538441E-7
26;0.985479209379827_0.9600118559294198_9.605565485278338E-5_0.9777488554297924_0.7909672947001004_0.0812990433996888_0.6339685861331756_0.10238130830218059_0.39795795439445564_0.020040436662811207_0.11333584830582895_0.3662844523347236;27;0.3782739917799962;-0.6;0.3344133274757765;-0.036603941170372585;0.9999039443451472;MOMBI2;NormSystem_obj_5_conf_200_10_5_0.05_10_5000;-9.605565485278338E-5
26;0.9609926380840859_0.9395658675626786_0.3588526130747005_0.9143819679428531_0.32242377409677137_2.4133407834411543E-4_0.7513702672515542_1.6925847426951286E-4_0.5844955501022991_3.1906916831718187E-4_0.3435777196099565_0.07143840264515762;25;0.09289677591778256;0.0;0.46285980955122713;0.43638929207233723;0.6411473869252995;MOEAD;NormSystem_obj_5_conf_200_10_5_0.05_10_5000;-0.5844955501022988
26;0.9677884565969797_0.9747538582181241_8.691921627426605E-5_0.42929341150814826_0.9544639936777132_0.10636754398526369_0.030201175673809644_0.0051819578482821755_0.0045467430290571246_0.3657326948644852_0.2526197073250767_0.37191889693309876;28;-0.29868438533474073;-0.6;0.6749578752158163;-0.07895361881118262;0.9999130807837258;SPEA2;NormSystem_obj_5_conf_200_10_5_0.05_10_5000;-8.691921627426607E-5
27;0.9879203174497753_0.9558011157668922_0.029327359494339234_0.012271815369525416_0.027835934775699206_0.3095609267899966_0.009137602508384284_0.39453175220875564_0.032604817658863736_0.049318005119480875_0.3448839116429991_0.17866151336990063;35;0.4787775730331657;-1.0;0.44290838490092155;0.3072404432862254;0.9706726405056607;NSGAII;NormSystem_obj_5_conf_200_10_5_0.05_10_5000;-0.22689937852507258
27;0.9748267301453217_0.9930934157667429_0.003584042221001663_0.00470336053138862_0.0077611637714060065_0.30617241421485286_0.07327850902774703_0.4541792908818168_0.015700790931662656_0.2701085335678875_0.10247560828053862_0.15753577633809437;25;0.7746742948539449;-0.8;0.26498654119700715;0.27126266674139976;0.9964159577789984;MOMBI2;NormSystem_obj_5_conf_200_10_5_0.05_10_5000;-0.4541792908818168
27;0.002273229513745475_0.8093029512293044_0.0029828562183964067_5.170083891944399E-4_0.9663553682255224_0.9892460477912833_0.9971346241634307_0.44220290639742565_0.4007542028167614_0.1441490883077699_0.0014062626651467464_0.011487539812896297;28;0.061265610270255344;-1.0;0.4080480927608052;0.4183118431374749;0.9970171437816036;MOEAD;NormSystem_obj_5_conf_200_10_5_0.05_10_5000;-0.4422029063974259
27;0.9814836706699264_0.9268491834874073_0.9968869511850431_5.442284528346863E-4_0.8823595856773909_0.06357506311849709_0.9862836230104539_0.22889754916572339_0.29911085126798276_0.11948472038391668_0.17575444498303264_0.1767524341993447;28;0.40267186684234935;-0.19999999999999996;0.37069687949515606;0.3139577089990789;0.003113048814956887;SPEA2;NormSystem_obj_5_conf_200_10_5_0.05_10_5000;-5.442284528346866E-4
28;0.9996880152925782_0.0017520141856603444_0.21218627941531698_0.11665750688643794_0.07031820685590995_0.6517782616514631_0.5168600341963212_0.005497050096342888_0.5153931474648957_0.13399572529694914_0.04181759314182809_0.3032964839999841;24;0.3834052814961385;0.0;0.3075341806259502;0.09229331389121975;0.787813720584683;NSGAII;NormSystem_obj_5_conf_200_10_5_0.05_10_5000;-0.5153931474648955
28;0.9917638065678867_0.39013330964200543_0.008813604935085973_0.08843933092039358_0.5919485371813238_0.1365123300535962_0.17760252166936386_0.15886448985386864_0.04187210670813884_0.4022227401120758_0.1164476055473935_0.2805930577785232;24;0.6827674403589556;0.0;0.323863538486256;1.0071524118244472E-4;0.991186395064914;MOMBI2;NormSystem_obj_5_conf_200_10_5_0.05_10_5000;-0.1365123300535962
28;0.9353054691555456_0.9451434624930612_0.9431706704326546_0.0011972265129143317_0.7759786266122934_0.5281254884897268_0.016983434217666873_0.008488470795319194_0.059535387792294364_0.012768508505762739_0.3852444321922424_0.5339632007143812;24;-0.5569882196597453;0.0;0.951222072879606;-0.1398490167886535;0.05682932956734543;MOEAD;NormSystem_obj_5_conf_200_10_5_0.05_10_5000;-0.5339632007143814
28;0.9998774860405444_0.951541434541731_0.2732762144680766_0.0990949135925216_0.5831309973603302_0.015791888731245166_0.9988175388157575_0.010273984076541787_0.6439477211122798_0.050869963066308234_0.23604502158784002_0.05886331015703008;46;-0.07011869463428466;0.19999999999999996;0.5078366027694369;0.6700686145651019;0.7267237855319234;SPEA2;NormSystem_obj_5_conf_200_10_5_0.05_10_5000;-0.3298698049217625
29;0.989745660586294_0.45238173342911725_0.6075638113968439_0.7375635619005254_0.3407026575495281_0.9748936264420727_0.4488354000183361_0.04868632702655376_0.04718393949344747_0.6470298485558196_0.03983934956227011_0.21726053536190906;23;0.011376199813605714;1.0;0.4736294179484425;-0.0865571963923748;0.3924361886031561;NSGAII;NormSystem_obj_5_conf_200_10_5_0.05_10_5000;-0.6470298485558194
29;0.9379975102341249_0.34252558752814577_0.009208964138071025_0.29885306849013904_8.144464746120961E-5_0.5394690009569_0.663313488258232_0.26976896175646625_0.2076231361156398_0.2049927094247481_0.26264280697999376_0.054972385723152176;26;0.7149199377599145;-1.0;0.2780021446919439;0.22856943786970707;0.990791035861929;MOMBI2;NormSystem_obj_5_conf_200_10_5_0.05_10_5000;-8.144464746120961E-5
29;0.9996835914443235_0.9998186044304486_0.9309508641015174_0.8423785751426751_0.5590828923835932_0.9670200393398221_0.010425978367220798_0.00551141863647883_0.02720203142195652_0.5463172875247765_0.12646497497142256_0.2945042874453656;25;-0.5362724562185264;-0.8;0.9324852486417164;0.4674108444406807;0.0690491358984826;MOEAD;NormSystem_obj_5_conf_200_10_5_0.05_10_5000;-0.5463172875247762
29;0.9977861696536195_0.95268985812228_0.003701272580399162_0.08081665811420877_0.24517868226858797_0.15574000938001242_0.45572253525130263_0.002804975573927754_0.004786496298595877_0.008884631890867623_0.038733363545375626_0.944790532691233;26;-0.29862485288155627;-0.19999999999999996;0.7922413417408878;-0.0065390117568960215;0.9962987274196008;SPEA2;NormSystem_obj_5_conf_200_10_5_0.05_10_5000;-0.9447905326912328
30;0.9091028686158416_0.801309217188748_0.4534443359616558_0.08636576337361081_0.675793151917932_0.914976370374313_7.752116794740305E-6_0.02756352453518521_0.21518189682244052_0.2898277606338572_0.19414039481878034_0.2732864231897367;26;-0.44716604778810587;-0.4;0.8962768396972589;0.19999736049397476;0.5465556640383442;NSGAII;NormSystem_obj_5_conf_200_10_5_0.05_10_5000;-7.752116794740305E-6
30;0.9163794386606541_0.8134952788042826_0.0983167525477883_0.015080403156249034_0.005296951331250251_0.3438854379349138_1.644923972467022E-4_0.35639272336200345_0.004138827294611946_0.3810056740384435_0.18378015945452933_0.0746826158504118;44;0.5031429988537736;0.0;0.4120430345259624;0.3902255031248169;0.9016832474522117;MOMBI2;NormSystem_obj_5_conf_200_10_5_0.05_10_5000;-0.19924056461878123
30;0.9710987676671243_0.3514579322382906_1.5416072448124407E-5_0.23697193931034766_0.9264931912519364_5.529079897705463E-4_0.9950155559585613_6.209649744670217E-4_0.38482557951218316_7.855132782554982E-5_0.24835971148751163_0.36611519269801257;45;0.10386319267564115;1.0;0.43969946065377774;0.39773040144670735;0.9999845839275519;MOEAD;NormSystem_obj_5_conf_200_10_5_0.05_10_5000;-2.7818989869464185E-4
30;0.9862932235187052_0.9926395317138048_0.40540137107419266_0.06690585467297644_0.04913963731599115_0.9783496077604961_0.38363721361031733_0.5449879773462545_0.025642650639226154_0.01609711156924338_0.05787555695240806_0.35539670349286806;26;0.26990588837307683;0.0;0.4139282404869669;0.5421582019662955;0.5945986289258074;SPEA2;NormSystem_obj_5_conf_200_10_5_0.05_10_5000;-0.5449879773462545
