Run;bestKey;bestValue;objectives;algName;problemName
1;[0.9820058547069984, 0.015300726479101318, 0.12609485759285285, 0.06406358749645047, 0.46234399970614665, 0.6570210692587918, 0.6269530059162765, 0.8227195921321041, 0.9173762112430771, 0.9027959666566808, 0.920844479732387, 0.5121485771869401];132;[0.9994761749966412, 0.9739130434782609, 0.20011177227395563, 0.6252094544619677, 0.8739051424071471];NSGAII;NormSystem_obj_5_conf_200_10_5_0.05_10_5000
1;[0.9975662328591425, 0.7252186559088928, 1.4479076197127872E-4, 0.041589528341162973, 0.4290732563023024, 0.12452128049601519, 0.9699230189293662, 0.1223718220311461, 0.9739918145822988, 0.848120850615261, 0.24785479955502826, 0.24407241220640286];146;[0.3700883016931789, 0.992, 0.3582655653587023, 1.0106301764408383, 0.9998552092380287];MOMBI2;NormSystem_obj_5_conf_200_10_5_0.05_10_5000
1;[0.9801033163460241, 0.9262738644062616, 0.022132648183375028, 0.12964711792115022, 0.35545133917801824, 0.6631301882962976, 0.8457375630440517, 0.9208157243287183, 0.9991627972312457, 0.998326189584905, 0.14066539930804103, 0.9397965834585763];79;[0.9397187542999248, 0.9625, 0.21195590540472087, 0.8299965695169326, 0.977867351816625];MOEAD;NormSystem_obj_5_conf_200_10_5_0.05_10_5000
1;[0.9507968773316119, 0.990651212391107, 0.04990016046950052, 0.024847600527130906, 0.589297363676588, 0.08786970375620927, 0.9644762038632875, 0.004765533254434373, 0.9698916700958565, 0.8699486549546585, 0.11346509451655562, 0.7247215158733558];106;[0.2654250303864558, 0.991304347826087, 0.38449250386396416, 1.010482098978982, 0.9500998395304995];SPEA2;NormSystem_obj_5_conf_200_10_5_0.05_10_5000
2;[0.9779043916159391, 0.6629325052490072, 0.2310901360539529, 0.9032313508239652, 0.2857576001106133, 0.15259745548712772, 0.880076990426798, 0.11088095795850922, 0.009725246322438704, 0.8415598963129424, 0.8508870105375125, 0.1137235903341176];86;[0.5114412708228785, 0.9826086956521739, 0.30890078965017775, 0.713028066970553, 0.7689098639460471];NSGAII;NormSystem_obj_5_conf_200_10_5_0.05_10_5000
2;[0.9930133377957859, 0.9893489611152724, 8.688073505357774E-4, 0.32460664670726447, 0.41798517787603406, 0.5471932503950396, 0.9809560508635244, 0.6994838475281567, 0.7524003863052333, 0.9031759430070105, 0.6653396623114931, 0.1954652821600676];136;[0.8950749453559632, 1.0, 0.2514155539675248, 0.5792311835391489, 0.9991311926494643];MOMBI2;NormSystem_obj_5_conf_200_10_5_0.05_10_5000
2;[0.9920497539503172, 0.2787046616897256, 0.008987221312863392, 0.7586924158798807, 0.7639223522708739, 0.6701784556787421, 0.9839328274638752, 0.8789659140959821, 0.9535279343212049, 0.9991332642296599, 0.5064965277148852, 0.06849127812180854];109;[0.9484180147514946, 1.0, 0.21088493647864406, 0.8109077311574048, 0.9910127786871366];MOEAD;NormSystem_obj_5_conf_200_10_5_0.05_10_5000
2;[0.9786961064964815, 0.8888173209429172, 8.845982361678851E-4, 0.9320065134038082, 0.8175927075466032, 0.6508278325186991, 0.9614891266272502, 0.8747883661592297, 0.9454212349223222, 0.9681562480591194, 0.7880731382799756, 0.989310500978804];134;[0.9481350620895705, 1.0, 0.2155466370667549, 0.7130024285247193, 0.9991154017638321];SPEA2;NormSystem_obj_5_conf_200_10_5_0.05_10_5000
3;[0.9714736648819036, 0.024096924331781587, 0.1669003878031924, 0.778442133624948, 0.011936957979744766, 0.717622515387405, 0.9406545760542059, 0.6610691154542887, 0.9188151589130293, 0.999208581635559, 0.019807974177544232, 0.15475715963429892];113;[0.9991212802005094, 0.9217391304347826, 0.20023306495700458, 0.6902883295617448, 0.8330996121968076];NSGAII;NormSystem_obj_5_conf_200_10_5_0.05_10_5000
3;[0.9909558440036108, 0.5993486793391487, 3.3521343558707596E-4, 0.015714400018506894, 0.2137977798797434, 0.6038715037711055, 0.8869043982083125, 0.9529217466689318, 0.9110992838564127, 0.9969743457689209, 0.21732279498882545, 0.8176260970922967];123;[0.8868795588672357, 1.0, 0.2254627302110436, 0.9238199085113279, 0.9996647865644129];MOMBI2;NormSystem_obj_5_conf_200_10_5_0.05_10_5000
3;[0.9502706684187568, 0.4207969368981731, 7.121840090127123E-5, 0.8963902380821923, 0.12896982726653444, 0.42865930013958864, 0.8110244555837487, 0.838355340870358, 0.9995619438737551, 0.672997704369473, 0.8308129239819619, 0.31617368039192406];91;[0.7558694183943035, 0.9933333333333333, 0.266787854808055, 0.8333085296430135, 0.9999287815990987];MOEAD;NormSystem_obj_5_conf_200_10_5_0.05_10_5000
3;[0.9828709135883147, 0.9670903588038642, 9.174432091671181E-4, 0.21694297853998398, 0.7169996285505161, 0.07275672719189186, 0.9930309643733096, 0.027601487298179413, 0.9947821771484313, 0.9922750176692549, 0.4659215519405626, 0.14061901541810964];132;[0.2570072741595028, 1.0, 0.378403282466734, 1.0281872615867182, 0.9990825567908329];SPEA2;NormSystem_obj_5_conf_200_10_5_0.05_10_5000
4;[0.986272060280694, 0.6285694830902195, 0.2011530768424395, 0.22031792041898474, 0.7230567706094246, 0.44805737219681274, 0.45101355664923204, 0.6840180762728576, 0.5658571668179144, 0.54701091910566, 0.2969971302324763, 0.3423668259846496];69;[0.9824990000717776, 0.9826086956521739, 0.20342439570375806, 0.3726914579383434, 0.7988469231575606];NSGAII;NormSystem_obj_5_conf_200_10_5_0.05_10_5000
4;[0.998752663906368, 0.7935969969570166, 0.02738509021044722, 2.587806184409687E-4, 0.8735704144703486, 0.4377174625205781, 0.6861977441865923, 0.787911368564168, 0.5984032389050192, 0.6704450050613281, 0.14211169179655203, 0.795044063623096];85;[0.9019149340416015, 0.7916666666666667, 0.24755866085801892, 0.4114703131429688, 0.9726149097895528];MOMBI2;NormSystem_obj_5_conf_200_10_5_0.05_10_5000
4;[0.9871400486322367, 0.31384724502753153, 1.4274726611883566E-4, 0.24923550844291303, 0.10338068668155352, 0.4448349165944378, 0.9663945936809348, 0.864344367774006, 0.5366742081092237, 0.8508117766432526, 0.5005487114494838, 0.6811425928192518];108;[0.8018477768788669, 0.993103448275862, 0.2506257860337532, 0.8639786633272987, 0.9998572527338812];MOEAD;NormSystem_obj_5_conf_200_10_5_0.05_10_5000
4;[0.9893338882834082, 0.85021980332134, 0.5620168605269502, 0.0717661666051315, 0.16706782221063626, 0.9454734584570075, 0.9522287817102812, 0.9874349060176977, 0.9902746016861916, 0.9795909004056631, 0.9764598924490012, 0.24705623811347757];72;[0.8905183111744048, 0.9652173913043478, 0.22562740112274995, 0.9776014346379996, 0.4379831394730498];SPEA2;NormSystem_obj_5_conf_200_10_5_0.05_10_5000
5;[0.9748147213817344, 0.2331786855961578, 0.07182674940766962, 0.3580791678503967, 0.8321500229564939, 0.6746887867366453, 0.7734617195444989, 0.9399148909344166, 0.8853860856391892, 0.9177267588681723, 0.08296285364440739, 0.38737736080744734];121;[0.9984164960471238, 0.9826086956521739, 0.20027944197718447, 0.6808929799982469, 0.9281732505923304];NSGAII;NormSystem_obj_5_conf_200_10_5_0.05_10_5000
5;[0.9998879310247613, 0.3501530965334034, 1.0670387103319228E-4, 0.001915279334836633, 0.4240274876049126, 0.9140946285063299, 0.9995998777167807, 0.6706098913717072, 0.8419412106768904, 0.8798484307595699, 0.2976304183722562, 0.4032331555390906];160;[0.8046015626278713, 0.65, 0.25479453876280816, 0.9597666102909466, 0.9998932961289668];MOMBI2;NormSystem_obj_5_conf_200_10_5_0.05_10_5000
5;[0.9935281429071551, 0.6277674463933661, 0.010418324682292212, 0.630711939017336, 0.7529964110956416, 0.755723232553116, 0.9290482254385865, 0.9646508693880914, 0.9747562143846186, 0.9990834025697681, 0.08700267114359675, 0.485307552314792];125;[0.9809761565475885, 0.99375, 0.2029384230980423, 0.7902673654927796, 0.9895816753177078];MOEAD;NormSystem_obj_5_conf_200_10_5_0.05_10_5000
5;[0.980517215577966, 0.6293081540782062, 8.102084920219065E-4, 0.021143222062278137, 0.014298924458651108, 0.1362893925547089, 0.5847953636603012, 0.9864594610207675, 0.9882442587344978, 0.2816689449999526, 0.4022220976626163, 0.9829843473256621];133;[0.46520404987200625, 0.9826086956521739, 0.32673905241819645, 1.0245485863334245, 0.999189791507978];SPEA2;NormSystem_obj_5_conf_200_10_5_0.05_10_5000
6;[0.9559961510218286, 0.9184673386741873, 0.253660637184012, 0.13281199580132752, 0.22261488262220364, 0.3127662611816367, 0.27815440565698885, 0.7336434455253851, 0.9596139389703569, 0.189490342774554, 0.19812407256008424, 0.44866708085129103];95;[0.6158521214664704, 1.0, 0.3040554298091937, 0.6049945772714794, 0.746339362815988];NSGAII;NormSystem_obj_5_conf_200_10_5_0.05_10_5000
6;[0.9589838206338455, 0.561819864777693, 0.00883350060278943, 0.18130639942363072, 0.30056174357531673, 0.6969632423732555, 0.9628114164313666, 0.775718305084564, 0.9368315136124653, 0.9996442788558322, 0.702971471456802, 0.4266235709861751];94;[0.9136558905895997, 0.15833333333333333, 0.23481532190665846, 0.7271670133656583, 0.9911664993972106];MOMBI2;NormSystem_obj_5_conf_200_10_5_0.05_10_5000
6;[0.9839422019279197, 0.8422446169591655, 0.0013069453156430637, 0.04432692556964132, 0.04158031751059227, 0.47927766190039794, 0.9933005082016377, 0.9661246056768296, 0.5571474979195808, 0.940493473690441, 0.8070476391503957, 0.5270053121202225];120;[0.7800897719632429, 1.0, 0.25247561737415797, 1.0244144062325755, 0.998693054684357];MOEAD;NormSystem_obj_5_conf_200_10_5_0.05_10_5000
6;[0.9803042429091104, 0.7818263455120024, 0.0015942808446109315, 0.0167794836823512, 0.47111473227000344, 0.08637034823309628, 0.9930380598798073, 0.057535875593276734, 0.6728778329767493, 0.9143005150944012, 0.255710327862696, 0.8248315411701697];149;[0.3819116539883881, 1.0, 0.32466961482915296, 1.0396746287353356, 0.9984057191553891];SPEA2;NormSystem_obj_5_conf_200_10_5_0.05_10_5000
7;[0.9521051993865933, 0.654382574085743, 0.14458539605930998, 0.9559236321636185, 0.23516678592242443, 0.1604825091865017, 0.8033440378853994, 0.0366917182771993, 0.1041593362465944, 0.7494640487532888, 0.52599809345477, 0.9216288198501332];63;[0.5932833575567475, 0.773913043478261, 0.29278821781264214, 0.5889148779922595, 0.85541460394069];NSGAII;NormSystem_obj_5_conf_200_10_5_0.05_10_5000
7;[0.9463195490241271, 0.9793181275445128, 0.022837955121590814, 0.4501461369417843, 0.10044386082522301, 0.9543419062801088, 0.8704398709315052, 0.9687245494542286, 0.9979071973315485, 0.9964792701777647, 0.8722834938593953, 0.745064693176142];85;[0.893003198535357, 0.27999999999999997, 0.2252208401562681, 0.9932944635919666, 0.9771620448784092];MOMBI2;NormSystem_obj_5_conf_200_10_5_0.05_10_5000
7;[0.6570327795701639, 0.7513711563261727, 2.9388545350128706E-4, 0.45995155229412077, 0.013683454372010814, 0.3123361620903561, 0.5490415488640181, 0.9995544038470362, 0.9962237422027498, 0.3392425593685803, 0.07870103877926463, 0.6992224084099763];123;[0.6362707000529394, 0.9, 0.2979891985571583, 1.041306749813365, 0.9997061145464987];MOEAD;NormSystem_obj_5_conf_200_10_5_0.05_10_5000
7;[0.9982717824565739, 0.8875627954600985, 0.02964009449991789, 0.151498177179392, 0.5933406071605561, 0.6176839675154746, 0.8657155962948702, 0.9685225862369907, 0.9133561883683773, 0.9481701897640895, 0.44618008699640715, 0.6608042971317171];124;[0.9156657313775114, 1.0, 0.2209021670863336, 0.7668554133916505, 0.9703599055000821];SPEA2;NormSystem_obj_5_conf_200_10_5_0.05_10_5000
8;[0.996926178861387, 0.009972625921813067, 0.603485966447618, 0.7988703489816082, 0.7701650341087736, 0.8801496441301666, 0.9262800221229718, 0.9193535196202081, 0.9457920251281691, 0.956904526925719, 0.07304959564711849, 0.9338582128398362];133;[0.9997011357314113, 1.0, 0.20008528278686288, 0.7719581948466084, 0.396514033552382];NSGAII;NormSystem_obj_5_conf_200_10_5_0.05_10_5000
8;[0.9939708430915699, 0.832756528449982, 0.0167039966063827, 0.12709041142525584, 4.6062100640647044E-4, 0.6064294030114366, 0.675510223654415, 0.9985932569178961, 0.9367212777856306, 0.9012395663309648, 0.24639038751719927, 0.8433844861851509];120;[0.8898842071465222, 0.9416666666666667, 0.2525616210183989, 0.6333124129642949, 0.9832960033936173];MOMBI2;NormSystem_obj_5_conf_200_10_5_0.05_10_5000
8;[0.9260310403297505, 0.9607643922871221, 0.001431178310497619, 0.007968103407845664, 0.03517715066719987, 0.5718283385399746, 0.9984939194567601, 0.993376298586877, 0.8293746842515379, 0.9955942447577871, 0.5991821636601952, 0.6167205808317936];145;[0.8218034129176098, 1.0, 0.24229009345614147, 1.0449397306045922, 0.9985688216895023];MOEAD;NormSystem_obj_5_conf_200_10_5_0.05_10_5000
8;[0.9817243563587801, 0.9943175665944826, 0.23922418900038545, 0.03216916938560099, 0.036377433192032044, 0.7445846069452235, 0.9788214901872121, 0.9723948633223324, 0.9873633337539398, 0.9993161529963546, 0.19567700065829907, 0.9961576239490681];95;[0.8543946989497208, 0.9391304347826087, 0.23350440188580626, 1.0154902655274376, 0.7607758109996146];SPEA2;NormSystem_obj_5_conf_200_10_5_0.05_10_5000
9;[0.998852952593235, 0.12502106301248372, 0.10191051538095329, 0.7933492498156802, 0.9960946638984757, 0.5379726867810043, 0.744560142808122, 0.8030986101429839, 0.667279536977262, 0.729438930423125, 0.4219676021867347, 0.05341774181195615];117;[0.9985929898016819, 1.0, 0.20023871855138983, 0.5320602858989533, 0.8980894846190467];NSGAII;NormSystem_obj_5_conf_200_10_5_0.05_10_5000
9;[0.9629329769100878, 0.6200603870802867, 0.0098240555568499, 0.5961047707446132, 5.597001041832499E-4, 0.9536273114529621, 0.8615331383648558, 0.998322530129333, 0.9854168601400219, 0.9519019955075949, 0.16666605167336263, 0.9980920560290298];124;[0.8660400312621626, 0.35, 0.23647648821262063, 0.9982717937645348, 0.99017594444315];MOMBI2;NormSystem_obj_5_conf_200_10_5_0.05_10_5000
9;[0.9967869155081615, 0.8448631186488126, 5.435757704370991E-4, 0.0011162546838950575, 0.03623456586628569, 0.5775838093107007, 0.9881034609714162, 0.9731609098888995, 0.8333102227046724, 0.999093197896252, 0.8100211766675575, 0.9856258146639167];137;[0.8326289268088513, 1.0, 0.2390830079817659, 1.037010562674705, 0.9994564242295629];MOEAD;NormSystem_obj_5_conf_200_10_5_0.05_10_5000
9;[0.9954982536977214, 0.9884805875676743, 0.007766580394495459, 0.1379589649911811, 0.4366150757644273, 0.07893990160174241, 0.9391222277594461, 0.07442094688428838, 0.9996209593418655, 0.9521793742271575, 0.8045330135287991, 0.8863531584815829];126;[0.33012751341208485, 1.0, 0.36528011025984475, 0.9617222405061054, 0.9922334196055045];SPEA2;NormSystem_obj_5_conf_200_10_5_0.05_10_5000
10;[0.9628939957347825, 0.008528159423043672, 0.4383872478924861, 0.6051097797361412, 0.4827131640508276, 0.5222304094029805, 0.5829085105117298, 0.5382856030028149, 0.5535662540234141, 0.5742297811036433, 0.07659976741288668, 0.47635912802591573];80;[0.9983207854058389, 0.8347826086956522, 0.20059404945069817, 0.3820035765647181, 0.5616127521075138];NSGAII;NormSystem_obj_5_conf_200_10_5_0.05_10_5000
10;[0.9912553675890262, 0.423985037441318, 0.007479556072351403, 0.0017803714804018596, 0.26932383398571585, 0.35068161637397444, 0.9258410747092994, 0.30697519454359945, 0.9992966177051568, 0.9872163829909116, 0.486204620103996, 0.49098019494116873];135;[0.6769890539976019, 1.0, 0.2770637001880597, 0.9715399241550057, 0.9925204439276486];MOMBI2;NormSystem_obj_5_conf_200_10_5_0.05_10_5000
10;[0.9820321246420487, 0.22005749587636492, 0.007725972826217151, 6.193567391353655E-4, 0.8149212945469564, 0.34718339809911375, 0.9995786885588731, 0.5201205943117827, 0.9902996216506295, 0.9041910842963976, 0.1240655978042875, 0.817041783115348];112;[0.6304584343427359, 0.9935483870967742, 0.2839022421323568, 1.0494107386894242, 0.9922740271737829];MOEAD;NormSystem_obj_5_conf_200_10_5_0.05_10_5000
10;[0.9752402431635954, 0.9947199879698804, 0.1191204645805091, 0.5900116190077751, 0.37114854047650386, 0.6317479172042291, 0.871930873787517, 0.875118336060372, 0.9764484270776707, 0.965242459435656, 0.7265064852700422, 0.549830287149303];111;[0.9179432501815188, 1.0, 0.21722564478151754, 0.7828723464634672, 0.8808795354194909];SPEA2;NormSystem_obj_5_conf_200_10_5_0.05_10_5000
11;[0.9411261211948599, 0.04065258839361882, 3.452690642132558E-4, 0.9998073438058563, 0.45211077077305406, 0.5422844339634674, 0.873252074897678, 0.6915403958355101, 0.7211128903609226, 0.8313335925333728, 0.19864955993910002, 0.5361799224022389];119;[0.9994369813299709, 0.4434782608695652, 0.20013156402903198, 0.5685355590952755, 0.9996547309357867];NSGAII;NormSystem_obj_5_conf_200_10_5_0.05_10_5000
11;[0.9991106511492853, 0.9548034440624482, 0.010232715175969994, 0.07755196112779067, 0.2890491916736326, 0.6170471553351459, 0.9509727361229917, 0.9901990621246974, 0.9582397112608523, 0.9676639917464078, 0.9051101862804665, 0.5709117072555423];106;[0.8695205464908584, 1.0, 0.2271385407479932, 0.9672287104297197, 0.98976728482403];MOMBI2;NormSystem_obj_5_conf_200_10_5_0.05_10_5000
11;[0.9943679689669668, 0.3001463842454861, 0.004525884570077687, 0.37096975957519585, 0.5719751912378058, 0.6492820546179088, 0.8099498572054183, 0.8833070983864569, 0.9888679705839517, 0.972095763008711, 0.8488200658062088, 0.17503849669121577];138;[0.969050441595577, 1.0, 0.2121676816902502, 0.7001987451876933, 0.9954741154299223];MOEAD;NormSystem_obj_5_conf_200_10_5_0.05_10_5000
11;[0.9751683025943835, 0.8935229280940973, 0.005558524920136476, 0.03456552646778194, 0.5872918607657627, 0.041252178537099574, 0.984300996460104, 0.006252305158416016, 0.9749212321750913, 0.9664587382438667, 0.022340215861355123, 0.5580569570256083];142;[0.23005411280198707, 1.0, 0.3850477490614631, 1.0302628319726328, 0.9944414750798636];SPEA2;NormSystem_obj_5_conf_200_10_5_0.05_10_5000
12;[0.9986637948713889, 0.009465865758751774, 0.39381869052323204, 0.24587261107905936, 0.2820639439332033, 0.7688953273632437, 0.7088724226295995, 0.7237511559607442, 0.9170830115114884, 0.8927962778545878, 0.3552992028744981, 0.10106428926835712];104;[0.9994410729912513, 0.991304347826087, 0.2001513686488214, 0.6425312110218618, 0.606181309476768];NSGAII;NormSystem_obj_5_conf_200_10_5_0.05_10_5000
12;[0.9976006381310306, 0.47575554309706536, 0.004470775235470308, 0.011420828063740927, 0.2545247608566893, 0.2899913690638395, 0.9594043339874169, 0.25354343870796625, 0.9190362227653466, 0.9800098130815119, 0.8319508017324786, 0.5894435304839174];102;[0.6307651173932894, 0.9916666666666667, 0.2821264395760039, 1.0037016681165112, 0.9955292247645297];MOMBI2;NormSystem_obj_5_conf_200_10_5_0.05_10_5000
12;[0.9419554697354877, 0.24375463352683746, 0.0016792071229288809, 0.12284785055165062, 0.25113815042315174, 0.6147558497455451, 0.8757435083755232, 0.9305782962115471, 0.8751597356856393, 0.9944959746122076, 0.9188987154798763, 0.8278368747582435];114;[0.9114135947692424, 0.9935483870967742, 0.22148217848532498, 0.8626104644142469, 0.9983207928770711];MOEAD;NormSystem_obj_5_conf_200_10_5_0.05_10_5000
12;[0.9996990692420591, 0.8532250450505998, 0.004174693500442035, 0.839189985388718, 0.5989524808756039, 0.21883991967885186, 0.4558881806866705, 0.9740601903466533, 0.17446584321921538, 0.9265796272665212, 0.6497934816506589, 0.4486379422002525];87;[0.5543728199873853, 0.9826086956521739, 0.3235221345657697, 0.7834584446466539, 0.9958253064995579];SPEA2;NormSystem_obj_5_conf_200_10_5_0.05_10_5000
13;[0.9737040237034394, 0.962363984215826, 0.050693494686624124, 0.0500064844739207, 0.39650676837819776, 0.24756906936950634, 0.9925648241950855, 0.20831562430051095, 0.9512285460039405, 0.9529232718810885, 0.5379990777554595, 0.6707196916475915];122;[0.5323228373368397, 0.991304347826087, 0.3081502721336935, 1.0308188327802648, 0.9493065053133759];NSGAII;NormSystem_obj_5_conf_200_10_5_0.05_10_5000
13;[0.9942236562774536, 0.7558958655367009, 0.00808819467744212, 0.006191859135904476, 0.03931545554781879, 0.3744357634341012, 0.19301533768036733, 0.9882475755476516, 0.22408742634132867, 0.8612915276043804, 0.376029218987948, 0.22240721438743283];107;[0.6386956497076252, 0.6083333333333334, 0.308741564641274, 1.0000358920582262, 0.9919118053225578];MOMBI2;NormSystem_obj_5_conf_200_10_5_0.05_10_5000
13;[0.9447974386764426, 0.9440616351027089, 0.0028563889862377708, 0.04380020176137771, 0.1426780927831813, 0.5925577259159621, 0.9993577372735817, 0.9757503640383097, 0.9525329960867499, 0.9806748484395459, 0.3548694117865586, 0.7491992286572396];107;[0.8393095561029164, 0.96875, 0.23380838992931452, 1.0311629575244594, 0.9971436110137623];MOEAD;NormSystem_obj_5_conf_200_10_5_0.05_10_5000
13;[0.9982757691627816, 0.756583570848381, 0.3820730593727696, 0.5394432439185577, 0.834050214880539, 0.9030818836593473, 0.9223680174408633, 0.9607067516765613, 0.963422301496984, 0.9853239307145996, 0.3497056529504166, 0.1094825092804759];118;[0.9729866530584536, 0.991304347826087, 0.207611629150507, 0.8112790899245202, 0.6179269406272304];SPEA2;NormSystem_obj_5_conf_200_10_5_0.05_10_5000
14;[0.8838901640297278, 0.9656266363854495, 0.06716203614825422, 0.15173480240418719, 0.21707313432866354, 0.12503938291213704, 0.818341638639985, 0.08951687390753868, 2.2736843960205174E-4, 0.9893771733566501, 0.7826153210108057, 0.976227308739764];81;[0.5408330086822323, 0.9652173913043478, 0.29962171151507055, 0.8040140210565172, 0.9328379638517458];NSGAII;NormSystem_obj_5_conf_200_10_5_0.05_10_5000
14;[0.856166519604854, 0.7507405339633847, 0.0021806922587113402, 0.006363902458829715, 0.5508726057197224, 0.1470017840345283, 0.9828237328246386, 0.10292962444240594, 0.9872349629434997, 0.8487712314482788, 0.24753827529917163, 0.07485252194113243];143;[0.3647973913511362, 0.9666666666666667, 0.361012424309392, 1.0310026739705453, 0.9978193077412887];MOMBI2;NormSystem_obj_5_conf_200_10_5_0.05_10_5000
14;[0.9131742352556695, 0.6589793325866927, 0.00355711430241954, 0.2808075618674079, 0.11940002499151531, 0.34624883353946617, 0.5174307873386648, 0.8906960049055508, 0.335836307557773, 0.9790185815027149, 0.9188619397462381, 0.6334024710605142];121;[0.7778822883780226, 1.0, 0.2551707711262268, 0.8656488134638692, 0.9964428856975804];MOEAD;NormSystem_obj_5_conf_200_10_5_0.05_10_5000
14;[0.9013949842920489, 0.9175095458183089, 1.6419709121672922E-4, 0.14769970338476612, 0.5531105219705433, 0.5756161912683297, 0.7677677408761572, 0.8493432227594265, 0.903893934923208, 0.8950700410735255, 0.7642204488731466, 0.531966785379974];137;[0.9459095441219469, 1.0, 0.21404429300672825, 0.664870643993552, 0.9998358029087833];SPEA2;NormSystem_obj_5_conf_200_10_5_0.05_10_5000
15;[0.9919877670906557, 0.8502384152555393, 0.07564648447164002, 0.6058524367458432, 0.9989657911189836, 0.5358803157611177, 0.7033078492755669, 0.8317180112507583, 0.6819070327197789, 0.7335239301631823, 0.7757796436240689, 0.5055017158520959];102;[0.9950966885422667, 0.9739130434782609, 0.20091564361137937, 0.5332705989902244, 0.92435351552836];NSGAII;NormSystem_obj_5_conf_200_10_5_0.05_10_5000
15;[0.9525536981697514, 0.8957745892706307, 0.008348838054136394, 0.2232323215143252, 0.1005869090668301, 0.6019801395022853, 0.9736691901894124, 0.9946853590628427, 0.7909237281604609, 0.9823567186671381, 0.7814109697928155, 0.09473280842703014];125;[0.8560961525316159, 1.0, 0.2407007605162352, 0.9306311244755087, 0.9916511619458636];MOMBI2;NormSystem_obj_5_conf_200_10_5_0.05_10_5000
15;[0.994493067704421, 0.999504021049092, 0.0018358525960364865, 9.88299725093243E-5, 0.05588952476780689, 0.5779113041859586, 0.9974181043761601, 0.9987654929603321, 0.8351455621889423, 0.9999947308398625, 0.920243426530159, 0.6380859187489295];134;[0.8258510616322047, 1.0, 0.24090895666128945, 1.0472459322896424, 0.9981641474039635];MOEAD;NormSystem_obj_5_conf_200_10_5_0.05_10_5000
15;[0.8180579887519055, 0.6555655018631031, 0.0032811530351977286, 0.09921883342725832, 0.5042509827728863, 0.5778967140359856, 0.6804508496479365, 0.8323313612204783, 0.9481059940092346, 0.8976840381433, 0.6199251723988802, 0.5424279002314003];108;[0.9614819989667734, 0.9739130434782609, 0.21225202796380788, 0.663773535161848, 0.9967188469648023];SPEA2;NormSystem_obj_5_conf_200_10_5_0.05_10_5000
16;[0.9969273994407035, 0.29923402489986034, 0.27421009852434075, 0.2207962257737898, 0.7033830565360246, 0.09578608389060764, 0.9752659310728075, 0.14852367631990807, 0.6988540668139698, 0.15970445075722411, 0.8902955737721304, 0.6784706651537726];91;[0.13311259078606114, 0.991304347826087, 0.44654915485143054, 0.9988169087339599, 0.7257899014756592];NSGAII;NormSystem_obj_5_conf_200_10_5_0.05_10_5000
16;[0.9939249022734872, 0.9877714900152783, 1.22662523869317E-4, 0.8730242521713997, 0.17184140628050135, 0.993055162343714, 0.9645320137243407, 0.9616962807471279, 0.994018888946869, 0.9920168395814319, 0.07523343455367, 0.8392148026109177];92;[0.8918455759360576, 0.525, 0.2322996335921902, 0.9600330734117778, 0.9998773374761307];MOMBI2;NormSystem_obj_5_conf_200_10_5_0.05_10_5000
16;[0.9174942713817125, 0.8544679376011242, 0.001029942632614692, 0.4331858236838131, 0.6011637021296414, 0.6239242958675155, 0.9509507932095171, 0.9956002965316294, 0.8572488583637901, 0.9801967158209343, 0.4600271881553582, 0.9719166535569805];109;[0.9179611495484599, 1.0, 0.21908865888445606, 0.8326078915305745, 0.9989700573673853];MOEAD;NormSystem_obj_5_conf_200_10_5_0.05_10_5000
16;[0.9958160636112935, 0.7704533567058945, 0.3500042593950829, 0.020961750745838614, 0.017662767959873815, 0.851775792177959, 0.9357778881602907, 0.9403059936274132, 0.9362249132864926, 0.9655955270132824, 0.6317585740928642, 0.5536895477898783];117;[0.8714864497621896, 0.991304347826087, 0.23115976129171845, 0.9749549742901292, 0.649995740604917];SPEA2;NormSystem_obj_5_conf_200_10_5_0.05_10_5000
17;[0.997652191916675, 0.5636640549074657, 0.055188675311054876, 0.015222401719929377, 0.9944316082501564, 0.35651746240085724, 0.6271041703750591, 0.8423733204220973, 0.5253791998666618, 0.5609565749484726, 0.6569661322484545, 0.42966335907785336];95;[0.8607159810639692, 1.0, 0.2467085741981598, 0.4373431484825952, 0.9448113246889451];NSGAII;NormSystem_obj_5_conf_200_10_5_0.05_10_5000
17;[0.9885489558846482, 0.8641866278315066, 0.012662178661362069, 0.04329328320750217, 8.14354380593818E-4, 0.49186933335854477, 0.9215245579802953, 0.9998130476849231, 0.6687763074868153, 0.924162875145138, 0.6473844532603709, 0.09023046567682574];108;[0.7907462917682477, 1.0, 0.25646869706468817, 0.9470999888875089, 0.9873378213386379];MOMBI2;NormSystem_obj_5_conf_200_10_5_0.05_10_5000
17;[0.9974070097406459, 0.6402511276026408, 0.049734998276837694, 0.0696407222164343, 0.02636793801321298, 0.6338885945809879, 0.9819279821711878, 0.9710042134571106, 0.9324154369329364, 0.9966782066878782, 0.45881937156774116, 0.7686214733168156];77;[0.8440876998084824, 0.9935483870967742, 0.23819352573703537, 1.001653145537999, 0.9502650017231623];MOEAD;NormSystem_obj_5_conf_200_10_5_0.05_10_5000
17;[0.9989820768944543, 0.7561157473085166, 0.016332946349673135, 0.004373767769180383, 0.3314441834776773, 0.14930352581235456, 0.986510450704201, 0.029336223798691736, 0.9457458512037165, 0.9057117593890176, 0.900228128666948, 0.30070805081740865];128;[0.39901166967560237, 1.0, 0.34755821683579374, 1.0350630694014542, 0.9836670536503269];SPEA2;NormSystem_obj_5_conf_200_10_5_0.05_10_5000
18;[0.9959765329581817, 0.8766143424777089, 0.13437608233997667, 0.9710659140014051, 0.008705353090100981, 0.77466061519381, 0.9142746270117701, 0.7249200720625871, 0.8534653227747099, 0.9162676976066431, 0.9944876340690456, 0.0355708243907972];61;[0.9386239491726069, 0.29565217391304344, 0.21424060139920742, 0.7564422955918612, 0.8656239176600233];NSGAII;NormSystem_obj_5_conf_200_10_5_0.05_10_5000
18;[0.9869584367679949, 0.7075972467227266, 0.014856339651961528, 0.6235427322172027, 8.53894046611129E-4, 0.6338029645885093, 0.8207759812152978, 0.9999946689867806, 0.8026334963658638, 0.8692915101406847, 0.8416252396063295, 0.33598865137207207];100;[0.8514482923401969, 0.9416666666666667, 0.26379260798578213, 0.6567010517565637, 0.9851436603480385];MOMBI2;NormSystem_obj_5_conf_200_10_5_0.05_10_5000
18;[0.9778340633995365, 0.8962705295666855, 0.009725102010751623, 0.014866396831930577, 0.11518847984109992, 0.5980428750271767, 0.9994078414561678, 0.9999810960463199, 0.9084061570506623, 0.9860898975836603, 0.7255169456091995, 0.2952503766468748];96;[0.832975667083865, 0.92, 0.23758418119458286, 1.0429698032212467, 0.9902748979892484];MOEAD;NormSystem_obj_5_conf_200_10_5_0.05_10_5000
18;[0.9952009651184083, 0.7704911630357246, 0.29082256148438546, 0.06757080375588823, 0.5323375795887787, 0.8038441253125153, 0.8553707410407794, 0.8763065924786817, 0.9580589894472534, 0.9531180211992631, 0.44412324438558964, 0.9178377899779809];68;[0.9409192159263917, 0.991304347826087, 0.2230678867492383, 0.7355612010908009, 0.7091774385156145];SPEA2;NormSystem_obj_5_conf_200_10_5_0.05_10_5000
19;[0.9132907372011708, 0.003732904140900892, 0.07580398335800137, 0.8428612709644357, 0.5260970254495548, 0.6598171068393247, 0.9023886346279025, 0.8031521818492509, 0.8449211120471747, 0.9215014516291636, 0.9999242316932294, 0.327783089382964];90;[0.9988695647189972, -0.02608695652173912, 0.20038404043686878, 0.6677547850404806, 0.9241960166419987];NSGAII;NormSystem_obj_5_conf_200_10_5_0.05_10_5000
19;[0.9992853004892972, 0.870611898061531, 0.005680689201560459, 0.06036628833285229, 0.11479891788926598, 0.5948943812550069, 0.9697875164668537, 0.9986323011822137, 0.7962727160942852, 0.9955454598460052, 0.7428818847035344, 0.6761838828606622];118;[0.8501572567241141, 1.0, 0.23747284552732706, 0.9919613415907824, 0.9943193107984395];MOMBI2;NormSystem_obj_5_conf_200_10_5_0.05_10_5000
19;[0.9551984991811039, 0.8646632442452802, 0.0022987950440191652, 0.017008167598870166, 0.13084292204508716, 0.5259688638367227, 0.9972634149916668, 0.9856492958446105, 0.7982401036133839, 0.9190096984007937, 0.6769049817692008, 0.34659954026903306];142;[0.8018222242962628, 1.0, 0.24367811893721184, 1.0401956871673539, 0.9977012049559808];MOEAD;NormSystem_obj_5_conf_200_10_5_0.05_10_5000
19;[0.9945301713150889, 0.5985117843516952, 0.03993148449346061, 0.26892458393116386, 0.2147717621459126, 0.6422191228753774, 0.9648001461513193, 0.9366722355827237, 0.8728628910163747, 0.9819505193913068, 0.750489338272753, 0.14811416727442045];100;[0.8935749524749272, 1.0, 0.22523932974509248, 0.9067588603461637, 0.9600685155065394];SPEA2;NormSystem_obj_5_conf_200_10_5_0.05_10_5000
20;[0.9837517697440918, 0.20325351206017267, 0.07472745982030486, 0.4927614027755216, 0.6827221904672942, 0.6788927591797582, 0.8197042251424875, 0.8852027556200036, 0.8851017331133638, 0.9324368783233349, 0.8410345454870148, 0.5429826197511438];123;[0.9983225117115613, 0.9304347826086957, 0.2005362407617676, 0.6825223575529289, 0.9252725401796952];NSGAII;NormSystem_obj_5_conf_200_10_5_0.05_10_5000
20;[0.9618304743277073, 0.6745551919375461, 6.237983597263867E-4, 0.0652714255236789, 0.3970262145968337, 0.6114921225621346, 0.9672563986360293, 0.7738943154972988, 0.8645920016101472, 0.9996376345567244, 0.5383981295842014, 0.8652623968370411];127;[0.9014241343555303, 1.0, 0.24832712420863942, 0.6470303822796388, 0.9993762016402736];MOMBI2;NormSystem_obj_5_conf_200_10_5_0.05_10_5000
20;[0.9966725257728634, 0.7208879067578101, 9.891045217611796E-5, 0.0016181133042957492, 0.2159736661393583, 0.3204532414615541, 0.9989650373092372, 0.990984762096032, 0.19569111245906687, 0.9771300692156385, 0.7171184849848704, 0.577750128591514];149;[0.6441734527943083, 1.0, 0.27930701066759656, 1.0484095037641412, 0.9999010895478239];MOEAD;NormSystem_obj_5_conf_200_10_5_0.05_10_5000
20;[0.997237568681546, 0.9448559930038953, 0.005508839848635094, 0.1719041458712245, 0.4202808615595652, 0.058138788071960434, 0.9665846867892638, 0.003179537826738299, 0.8850168785736594, 0.9300454516377323, 0.7301922906843255, 0.4070311937459099];139;[0.2976383521599099, 1.0, 0.36528028151460096, 0.9887946098089453, 0.9944911601513649];SPEA2;NormSystem_obj_5_conf_200_10_5_0.05_10_5000
21;[0.9920343422518694, 0.7556249046598845, 0.12937993073917659, 0.08978071180059327, 0.060813810222557434, 0.13024764430806557, 0.737846988459421, 0.9045159350705556, 0.9619946243316388, 0.2595831679897285, 0.9356965124101377, 0.8504724235311152];101;[0.38172173565982465, 1.0, 0.3438730653777418, 0.9111645993403338, 0.8706200692608235];NSGAII;NormSystem_obj_5_conf_200_10_5_0.05_10_5000
21;[0.9964701988559256, 0.9410966290386049, 0.006113336720904621, 0.008502733611221794, 0.006513693576879448, 0.2484566397316697, 0.9647251111972506, 0.12184732206597225, 0.9454023573165993, 0.7571883267252011, 0.24288438448079508, 0.35729436276785714];110;[0.5554725042846407, 0.9916666666666667, 0.31813884860895725, 1.0102823835973964, 0.9938866632790954];MOMBI2;NormSystem_obj_5_conf_200_10_5_0.05_10_5000
21;[0.9479504901076882, 0.9503666928788495, 5.3555380822880444E-5, 0.03549537662517091, 0.13962002437654486, 0.5666500195117437, 0.9961146966712751, 0.9995480782891719, 0.8317975195429239, 0.9567012456968792, 0.21166002619860183, 0.9110426747040588];123;[0.8251989219288075, 1.0, 0.23983111160424053, 1.0313373368009593, 0.9999464446191771];MOEAD;NormSystem_obj_5_conf_200_10_5_0.05_10_5000
21;[0.9833643288292702, 0.7323034142046507, 0.07163626765294363, 0.0022469314785766303, 0.4363710589066211, 0.658888105218844, 0.9646657730865503, 0.8327465462780588, 0.8888738446904833, 0.995040893489079, 0.11897759786693174, 0.11441079262561032];97;[0.8939066275086212, 0.9826086956521739, 0.24747245562758635, 0.6972765618874772, 0.9283637323470564];SPEA2;NormSystem_obj_5_conf_200_10_5_0.05_10_5000
22;[0.9967399431969035, 0.054666844061491825, 0.15023807549872556, 0.1300725098851953, 0.4317576967378411, 0.43217102159325316, 0.4192602093487224, 0.6001622014144959, 0.6000817501671263, 0.5910789185079189, 0.23550307953955546, 0.9404565768928232];133;[0.9980375971818389, 0.991304347826087, 0.2004543641789346, 0.35634968378771775, 0.8497619245012744];NSGAII;NormSystem_obj_5_conf_200_10_5_0.05_10_5000
22;[0.9991188948531157, 0.052699165024048734, 0.011424291733867956, 0.749965756180627, 0.7963202334522299, 0.9350455841275731, 0.8356581599806288, 0.8554435997659404, 0.8867083444926813, 0.8499063128514707, 0.5046331691829068, 0.6404644364562407];120;[0.9007417486670924, 0.616, 0.24817693930981843, 0.6773044799191646, 0.9885757082661321];MOMBI2;NormSystem_obj_5_conf_200_10_5_0.05_10_5000
22;[0.9873636724827152, 0.9705916369424016, 0.029230758434937235, 0.057451037828522386, 0.19932117900602125, 0.6229506942768963, 0.8552176653568125, 0.8965542764037969, 0.9929217084270244, 0.9948400707918833, 0.8023710288157931, 0.8038705233578982];104;[0.9036351307559194, 1.0, 0.22034105322794859, 0.8705605610582936, 0.9707692415650627];MOEAD;NormSystem_obj_5_conf_200_10_5_0.05_10_5000
22;[0.9855912630946562, 0.9259767278777753, 0.01696351872976249, 0.030803251859950642, 0.49698557484011274, 0.03941676921471504, 0.9706682419807859, 0.012861023450830292, 0.9892122771343296, 0.9827565280352503, 0.9393035116955838, 0.3279681369983591];127;[0.2500201661552123, 1.0, 0.38081867211854836, 1.015284256046506, 0.9830364812702375];SPEA2;NormSystem_obj_5_conf_200_10_5_0.05_10_5000
23;[0.9973371534132236, 0.7635247609150805, 0.9714830256627398, 0.5869261069640788, 0.5357223423212277, 0.8975941365547841, 0.8029254646335632, 0.7893788444532891, 0.8804188143646821, 0.8571602646995441, 0.15341287866004655, 0.8162924721650688];116;[0.998356123273135, 0.991304347826087, 0.20027251158683845, 0.6885649818522468, 0.028516974337260192];NSGAII;NormSystem_obj_5_conf_200_10_5_0.05_10_5000
23;[0.9492356283819672, 0.9913417567779474, 0.012504807804942425, 0.01424750836211404, 9.784449805690168E-4, 0.5604722828596121, 0.8835652109253633, 0.99770953599944, 0.8146884803493811, 0.9443212036451384, 0.520257765760837, 0.7069106132793984];110;[0.8291511754416137, 1.0, 0.25024872432274614, 0.9207966377715169, 0.9874951921950575];MOMBI2;NormSystem_obj_5_conf_200_10_5_0.05_10_5000
23;[0.9854878366794624, 0.5937707255347154, 0.00499884369771935, 3.914671289258313E-4, 0.05290542783418789, 0.5578726818551458, 0.998329678216422, 0.9707515041998822, 0.8652115466441268, 0.999613326691162, 0.3197024288582471, 0.9563342145545757];137;[0.8185816300266313, 1.0, 0.23961267111424864, 1.0462648839082127, 0.9950011563022807];MOEAD;NormSystem_obj_5_conf_200_10_5_0.05_10_5000
23;[0.9683617564165922, 0.7824593490665508, 0.008601335500784037, 0.010964986434754739, 0.0026692340295613446, 0.5721858155360289, 0.998747436248938, 0.9776814940273678, 0.9434193388163286, 0.9805727166900318, 0.6344164863398982, 0.35393170181495004];138;[0.8110363805872057, 0.991304347826087, 0.2444823572304003, 1.0439557921571996, 0.991398664499216];SPEA2;NormSystem_obj_5_conf_200_10_5_0.05_10_5000
24;[0.9958035529141511, 0.4353356481349908, 0.43521507078435817, 0.2097588895600156, 0.2267939758103844, 0.8217545735172175, 0.9067145181748058, 0.873765824157222, 0.9158530623650933, 0.9910300388551746, 0.6467838759932785, 0.9479455935301244];94;[0.9195539825842778, 1.0, 0.22012115324005396, 0.8371254891341289, 0.5647849292156418];NSGAII;NormSystem_obj_5_conf_200_10_5_0.05_10_5000
24;[0.9063173557685837, 0.5998478133871493, 0.011624182177253289, 0.11675289297053146, 0.13171518515688943, 0.2569110158271227, 0.9971210090745899, 0.8123924499284283, 0.07284945233450074, 0.9862955358631559, 0.665139385961334, 0.6537531790041258];133;[0.6281485435937473, 0.9333333333333333, 0.2737620754825343, 1.0093942001931024, 0.9883758178227467];MOMBI2;NormSystem_obj_5_conf_200_10_5_0.05_10_5000
24;[0.9904344280541736, 0.7698928389844542, 0.022653488774003805, 0.047034024563269966, 0.031504006251869054, 0.598598113043757, 0.984156891318151, 0.9932917094483668, 0.9636483857356312, 0.9983628436189098, 0.659976113871629, 0.8428176267676994];108;[0.8258821749677207, 1.0, 0.24244981356345469, 1.0133193228818587, 0.9773465112259963];MOEAD;NormSystem_obj_5_conf_200_10_5_0.05_10_5000
24;[0.9862273466983059, 0.7990588742292057, 0.00887823129218973, 5.9014833744208683E-5, 0.287667396970903, 0.23971608924546517, 0.9991317406001653, 0.9893515211707569, 0.03808223634478146, 0.936826787802185, 0.26368392725657963, 0.5164883720719202];143;[0.5677114609058825, 1.0, 0.2933740116875559, 1.0490722382421394, 0.9911217687078103];SPEA2;NormSystem_obj_5_conf_200_10_5_0.05_10_5000
25;[0.9983117356022951, 0.9933883107275263, 0.1905552206494982, 0.8878957184327462, 0.33749661983615287, 0.23850224733145997, 0.9826350179068151, 0.13993044920118236, 0.012977638335921249, 0.9956984700251039, 0.3325596852563738, 0.9892464031958198];68;[0.4474135783417693, 0.9478260869565217, 0.32983484302918514, 0.8529840728628545, 0.8094447793505017];NSGAII;NormSystem_obj_5_conf_200_10_5_0.05_10_5000
25;[0.9979379648670181, 0.8259788999776976, 0.0017853077663236407, 0.12974849595610127, 0.00881532324664254, 0.29331726735093866, 0.34800055981259964, 0.956325349964432, 0.057326029981354026, 0.997966099141386, 0.32405430609496205, 0.19050238369749892];91;[0.6546280401136071, 0.875, 0.3004653634414269, 0.9975960137859091, 0.9982146922336763];MOMBI2;NormSystem_obj_5_conf_200_10_5_0.05_10_5000
25;[0.9575469493891152, 0.7784095385284611, 0.0032258322624798335, 0.710169061905823, 0.8495637571116794, 0.6147386969192362, 0.8444442618561523, 0.8797980879567907, 0.8328794351372029, 0.8781319220813297, 0.6201076960105324, 0.38795498535911416];139;[0.9885310744163036, 1.0, 0.20436560052900568, 0.6541364832298379, 0.9967741677375201];MOEAD;NormSystem_obj_5_conf_200_10_5_0.05_10_5000
25;[0.9756657114579926, 0.834756875145838, 0.03865174387305155, 0.15924545113598448, 0.842286954509679, 0.689696193082285, 0.7976692061841026, 0.9821097542014157, 0.9924420416406963, 0.9614316893567295, 0.5504233650631853, 0.9784454692501056];101;[0.9664470157836299, 0.9391304347826087, 0.2087554176107525, 0.7770737681682756, 0.9613482561269484];SPEA2;NormSystem_obj_5_conf_200_10_5_0.05_10_5000
26;[0.9960134827194528, 0.7144350547284337, 0.19739736188323387, 0.21774099602506947, 0.24601051169853844, 0.09556508627637664, 0.3309144723216282, 0.03327726198050343, 0.01954124040670758, 0.08202396458740967, 0.29435534510171085, 0.481563639305574];91;[0.7975201892650349, 1.0, 0.24080391409841384, 0.08265980242007198, 0.8026026381167661];NSGAII;NormSystem_obj_5_conf_200_10_5_0.05_10_5000
26;[0.9943725962944757, 0.6109182424548028, 0.008836399578504852, 0.04941845764013678, 0.024855017756476194, 0.3187879110587566, 0.9640834891875727, 0.21576442354825917, 0.9723995679609687, 0.8571541287589995, 0.23878365052589043, 0.0835448442511545];90;[0.6452061825950565, 0.9833333333333334, 0.2903986822135999, 0.9946023541219317, 0.9911636004214951];MOMBI2;NormSystem_obj_5_conf_200_10_5_0.05_10_5000
26;[0.9908794532815256, 0.9211062551470085, 0.0040751655102852224, 0.5576699596505924, 0.2466787799961333, 0.4171596864691114, 0.9998532458369966, 0.8780435118153747, 0.5244423298109403, 0.8619608855667785, 0.5915248630085435, 0.7259368665648103];111;[0.7913598039261365, 1.0, 0.24575771860987758, 0.8544383177209035, 0.9959248344897148];MOEAD;NormSystem_obj_5_conf_200_10_5_0.05_10_5000
26;[0.9729762049096083, 0.9955248397265777, 0.013186160485520182, 0.059456282672351424, 0.009375172645393198, 0.4065251624639755, 0.9981348874858961, 0.9625562253807606, 0.6287051987469425, 0.8253550962339737, 0.6470599994319198, 0.3867645270798001];111;[0.7175703307142043, 0.6782608695652174, 0.26577823844100906, 1.023040671476987, 0.9868138395144799];SPEA2;NormSystem_obj_5_conf_200_10_5_0.05_10_5000
27;[0.9634496223883796, 0.913359741726678, 0.3836095929956893, 0.12050553218224555, 0.2216005443009613, 0.6183562119902448, 0.7107828409145798, 0.4959386619779552, 0.7411539537771854, 0.9595639450854208, 0.7435842219758947, 0.7915429739021765];79;[0.856916989248982, 0.9565217391304348, 0.23453430762171612, 0.6979761313341557, 0.6163904070043107];NSGAII;NormSystem_obj_5_conf_200_10_5_0.05_10_5000
27;[0.989270839830567, 0.6225921837426577, 0.06469222582312575, 0.005900403629708576, 0.010832804286188435, 0.30392749417389375, 0.23117161781695722, 0.9861039472160757, 0.07041340759863757, 0.91289747388935, 0.1059499388307708, 0.9821869855780112];68;[0.6453178169535704, 0.9833333333333334, 0.3144510912501448, 1.0255355213399167, 0.9353077741768743];MOMBI2;NormSystem_obj_5_conf_200_10_5_0.05_10_5000
27;[0.9339736228205244, 0.6557440509048081, 0.0016843846183871485, 0.002168198400542498, 0.3512802641815564, 0.39621739141171686, 0.8058231448527926, 0.9478710531123575, 0.4852206164683056, 0.7097458400443022, 0.8913921777381967, 0.10633694566988464];122;[0.8032638923247016, 1.0, 0.24750709985567976, 0.8451027566045383, 0.9983156153816128];MOEAD;NormSystem_obj_5_conf_200_10_5_0.05_10_5000
27;[0.9984430832034413, 0.7723934516653825, 0.06427302929131451, 0.03010753400586741, 0.43378921975541507, 0.12481554631504377, 0.9955307241813233, 0.0031694513605781405, 0.8494199117477923, 0.9326751884661215, 0.26812115622187055, 0.515601637447023];114;[0.36886281202773585, 1.0, 0.34377743319476134, 1.0410810063864118, 0.9357269707086855];SPEA2;NormSystem_obj_5_conf_200_10_5_0.05_10_5000
28;[0.99662965968906, 0.8055017154878648, 0.006492887191643787, 0.9316550639622405, 0.5945810458465606, 0.5441777847701299, 0.945305686193352, 0.7563322916206332, 0.7356129032064787, 0.8797849638458174, 0.12249745976889842, 0.6136960208536681];120;[0.947024856956262, 1.0, 0.21706333749844675, 0.5915734626366955, 0.9935071128083562];NSGAII;NormSystem_obj_5_conf_200_10_5_0.05_10_5000
28;[0.9998730655004251, 0.6431191188559362, 0.0019228206017449102, 0.012550872905001988, 0.4071126457839452, 0.5712699959802299, 0.9943061991576683, 0.7603913208174862, 0.7715941541679108, 0.9411515911528955, 0.31500377886316616, 0.963663268315768];125;[0.8577286545067296, 0.875, 0.26462864471748937, 0.6289008968936579, 0.9980771793982551];MOMBI2;NormSystem_obj_5_conf_200_10_5_0.05_10_5000
28;[0.9441795319504032, 0.9038095776543505, 0.001983381746485557, 0.2575253441037211, 0.5390578184331523, 0.601464312395856, 0.7109691408707793, 0.9991781521966163, 0.999726451364025, 0.8747245842152438, 0.5753361477511082, 0.4584548765380019];114;[0.9191784276436432, 1.0, 0.2200665590425285, 0.8185664715982034, 0.9980166182535144];MOEAD;NormSystem_obj_5_conf_200_10_5_0.05_10_5000
28;[0.9920158300008461, 0.6411489909883938, 0.09411363817021345, 0.44869215264311785, 0.6937926453898087, 0.773257981767806, 0.8455038541878575, 0.9905582449323858, 0.9762884371539651, 0.9492911526860549, 0.7732901624310096, 0.49980811967824634];86;[0.9652188465186914, 0.8434782608695652, 0.20880346270486158, 0.7776367641278698, 0.9058863618297865];SPEA2;NormSystem_obj_5_conf_200_10_5_0.05_10_5000
29;[0.999298206858664, 0.6914008630626763, 0.023669522500587223, 0.03767081667867183, 0.184530762150097, 0.6026835520404812, 0.6071881604265363, 0.7057360842574046, 0.9712306846681122, 0.9798250315379808, 0.3212136578126789, 0.35402942392808806];126;[0.9967198907564809, 1.0, 0.20057425651932398, 0.6146098934522425, 0.9763304774994128];NSGAII;NormSystem_obj_5_conf_200_10_5_0.05_10_5000
29;[0.9615102301283079, 0.8652655851166576, 0.0025079466877307634, 0.018772285876285228, 0.001177365542583104, 0.3532915786521178, 0.21150982903189008, 0.9610180682211064, 0.13660906682153517, 0.9456798179947938, 0.2754743746556151, 0.1784636493310947];89;[0.6056762699239068, 0.6, 0.3279934834760978, 1.007052649489497, 0.9974920533122692];MOMBI2;NormSystem_obj_5_conf_200_10_5_0.05_10_5000
29;[0.9921402876189558, 0.515927728116152, 0.001513721402727675, 0.3096812197994294, 4.225536798581203E-4, 0.2822459017794857, 0.4796784672747902, 0.998423577141371, 0.9913811462113378, 0.31195973367518925, 0.18055887595997966, 0.49149842414641554];148;[0.6394094625949562, 1.0, 0.29637541861162126, 1.048102393404281, 0.9984862785972723];MOEAD;NormSystem_obj_5_conf_200_10_5_0.05_10_5000
29;[0.9825916119909989, 0.6059878544578957, 0.02209708178778741, 0.29364111939638504, 0.8086888648247803, 0.7612295953997151, 0.848004532870411, 0.9563657966471385, 0.9977994375715471, 0.9966200280834558, 0.056862925641721435, 0.2286876434183662];105;[0.9708779721294007, 0.9130434782608696, 0.20461228997027803, 0.7742000249001869, 0.9779029182122125];SPEA2;NormSystem_obj_5_conf_200_10_5_0.05_10_5000
30;[0.9886500751103363, 0.4211646266426317, 0.4771418644136789, 0.9923079447697827, 0.7502076527919586, 0.6255189261908233, 0.7541405811244345, 0.6904494770656902, 0.675524527388401, 0.7381076770391093, 0.6126924075431036, 0.8683671767100345];65;[0.9686090704558865, 0.991304347826087, 0.20994779000656053, 0.5363760519267988, 0.5228581355863211];NSGAII;NormSystem_obj_5_conf_200_10_5_0.05_10_5000
30;[0.975168924952881, 0.6491366433038652, 0.005189317720250409, 0.006811474821900063, 0.008442944590904104, 0.268575036240456, 0.2808324319572968, 0.9154290599038954, 0.11266299779828878, 0.8633800359798192, 0.5967040268653778, 0.7266625384784693];144;[0.7599208161114444, 0.75, 0.2628875671455024, 0.9505237447971783, 0.9948106822797496];MOMBI2;NormSystem_obj_5_conf_200_10_5_0.05_10_5000
30;[0.9998601286576527, 0.9137667140459708, 0.002753893478486355, 0.14446283435780594, 0.4750813245337391, 0.6520733944242976, 0.8401739734989563, 0.9722356765928216, 0.9380305313654874, 0.9882471492559037, 0.22455064052149598, 0.37886034441917654];114;[0.9432727597017827, 1.0, 0.21310544899782072, 0.8198186566215859, 0.9972461065215137];MOEAD;NormSystem_obj_5_conf_200_10_5_0.05_10_5000
30;[0.9807452937841699, 0.9161364900366836, 0.0027659691571820973, 0.2868549152622545, 0.054895402093394455, 0.16610052436044095, 0.3966991293883866, 0.9670305802604177, 0.9104533303621661, 0.028050412516413825, 0.08369594300583383, 0.8420507936530598];131;[0.5427769464123543, 1.0, 0.3265294796961384, 0.9787495055533469, 0.9972340308428179];SPEA2;NormSystem_obj_5_conf_200_10_5_0.05_10_5000
