Run;bestKey;bestValue;obj1;obj2;algName;problemName;fitness
1;0.9999315690088888_7.423972292502075E-7_0.22107002771599288_0.6731376007608517_0.49088234970465294_0.5687633409639937_0.7292278634133431_0.6645322051943252_0.692181573312977_0.7491336619729032_0.7145881902238949_0.8347540458020046;139;0.9999962407261036;-0.4266;NSGAII;NormSystem_obj_2_conf_200_10_5_0.05_10_5000;-0.5768156257132676
1;0.7543266840912057_0.7987630710984565_0.05662782280090228_0.5770887906889474_0.18782965790700998_0.3420834185673156_0.7157062882022897_0.5098679971230371_0.525235940690087_0.7464861105705267_0.8536501466173338_0.44725738333398257;200;0.9132380533188105;0.6088;MOMBI2;NormSystem_obj_2_conf_200_10_5_0.05_10_5000;-0.4364101066495504
1;0.9223441860566972_0.03315942713999459_0.5600020599906482_0.6464720165941171_0.052620853885651464_0.6208530501490045_0.6463861582399998_0.423843489280894_0.6377535734530849_0.6474065550490674_0.39258223836731343_0.5083185297407582;200;0.9945057014350062;0.57024;MOEAD;NormSystem_obj_2_conf_200_10_5_0.05_10_5000;-0.4889135010621791
1;0.999914775896122_2.4086834992833139E-4_0.7043881050052665_0.4818127892919728_0.3863202776510254_0.8239780100861605_0.7567450436179503_0.7279280990160875_0.8600907569774597_0.839738653728466_0.7780724607955575_0.8031711995858343;81;0.9999631558569578;0.9884800000000001;SPEA2;NormSystem_obj_2_conf_200_10_5_0.05_10_5000;-0.6353945735161832
2;0.9915449437414523_2.371206773440069E-5_0.3062232995299827_0.26435455522015816_0.25574617184592_0.7395062140665658_0.7220924975646424_0.718490933628811_0.919886106311322_0.9126090935701099_0.33274145487540885_0.9985795175162674;200;0.9997006859330927;0.4252100840336135;NSGAII;NormSystem_obj_2_conf_200_10_5_0.05_10_5000;-0.5058624988976893
2;0.7954821362108774_0.5786499286848796_0.3848072584304255_0.6978488204969772_0.46000298244668614_0.4482106746448994_0.594342043038653_0.5970189330475449_0.572676871233224_0.6395245029043299_0.20053380725593248_0.2900126132955816;75;0.8991608453349539;0.4836;MOMBI2;NormSystem_obj_2_conf_200_10_5_0.05_10_5000;-0.5555061007421355
2;0.881011109007988_0.6513824018656452_0.3039200081958018_0.4372463508338779_0.8898091519159995_0.713579257852683_0.7544359984728819_0.889311422376715_0.8370443579858503_0.8501975398278986_0.6513236713605447_0.669408130707549;200;0.9912375481801143;0.76552;MOEAD;NormSystem_obj_2_conf_200_10_5_0.05_10_5000;-0.6840292652615665
2;0.9998579650278537_0.03227305337645098_0.018340913291723843_0.5299760872264696_0.59467312082591_0.3354165482470852_0.5718820040749577_0.6018185145999887_0.48143708613719355_0.5913010153082574_0.597818248791088_0.4222702174536763;200;0.9998407109476384;0.94752;SPEA2;NormSystem_obj_2_conf_200_10_5_0.05_10_5000;-0.4897248805840934
3;0.9993712879037746_2.4849189648886783E-4_0.12495513425162802_0.3809254565427991_0.5408574642017802_0.6574045478032404_0.7564568460165788_0.8183547684998967_0.8634653392550515_0.9018167577959958_0.9897122168288609_0.12845442695108955;200;0.9999830936999686;0.5090036014405762;NSGAII;NormSystem_obj_2_conf_200_10_5_0.05_10_5000;-0.5620585517567288
3;0.9221098805439717_0.917992362246056_0.5988652864987054_0.18496498272041026_0.495440420523865_0.6570014012323244_0.541848595462284_0.535050745405991_0.559334481146698_0.6737763266827683_0.03308418550433884_0.8989227561021511;200;0.9007297254155826;0.8505600000000001;MOMBI2;NormSystem_obj_2_conf_200_10_5_0.05_10_5000;-0.4955512142832737
3;0.7797850206394396_0.6032324530328051_0.15348196446305645_0.4774951649072982_0.8682592094979915_0.3796739332006442_0.5075077790485362_0.663660167017231_0.46825659402114783_0.519841274193884_0.8532450485581504_0.6782397149142463;200;0.9888990721604263;0.6018007202881153;MOEAD;NormSystem_obj_2_conf_200_10_5_0.05_10_5000;-0.5272830748799315
3;0.9994109950298711_1.3534645509603784E-4_0.43190799970857424_0.2517968283087883_0.5616360644248468_0.7670200011150783_0.7038618321133064_0.8124934073147214_0.8845108125034374_0.862349748498437_0.7674399901641176_0.8086299003988279;105;0.9999851725600547;-0.25354141656662665;SPEA2;NormSystem_obj_2_conf_200_10_5_0.05_10_5000;-0.5838550697214507
4;0.9866458248418581_2.5089241907596473E-5_0.49052559277712954_0.025158970823868164_0.6916288426573803_0.8237526897983861_0.6590040823105938_0.8949500038089725_0.941721105221813_0.8833964539457566_0.17173488321297173_0.5129931403182058;169;0.9997306356981164;-0.4622;NSGAII;NormSystem_obj_2_conf_200_10_5_0.05_10_5000;-0.5848822703904125
4;0.7625240623166757_0.7877917075503086_0.7502471425450801_0.10353712307021577_0.24846281362229064_0.7579876234257059_0.7210052573215874_0.5199391884863739_0.7716741776800303_0.6453121550123664_0.48762428207638514_0.5292347945681315;107;0.8824488130608733;0.512124849939976;MOMBI2;NormSystem_obj_2_conf_200_10_5_0.05_10_5000;-0.48923028304426913
4;0.8687639108710803_0.29954780398473557_0.18809548564307113_0.5088502333715399_0.3090958674720567_0.29907143764621635_0.4580759044214036_0.3436652031143921_0.34333727706909123_0.42391109904390684_0.5340328959128444_1.4366342558561001E-5;200;0.9860380865645613;0.69808;MOEAD;NormSystem_obj_2_conf_200_10_5_0.05_10_5000;-0.3760337026239747
4;0.9997489302995052_1.7253168270384654E-6_0.43227243373193647_0.24942929820123538_0.5990640076119408_0.8117192057723707_0.7504651706176109_0.8675930716742749_0.9388310462912551_0.9183004740604488_0.38902680452347066_0.8980260779051614;76;0.9999892026554604;-0.04504504504504506;SPEA2;NormSystem_obj_2_conf_200_10_5_0.05_10_5000;-0.6205289393031338
5;0.9998439385217779_0.011620079430330008_0.1254174692675689_0.19875850268718886_0.017732598925284664_0.4060285647479195_0.461725210996956_0.31882076899104245_0.6240452126576312_0.6679176477042317_0.045080593175339814_0.2865097042786982;119;0.9995202057753025;0.26272000000000006;NSGAII;NormSystem_obj_2_conf_200_10_5_0.05_10_5000;-0.25151993213721896
5;0.8064234856942138_0.6845330091356395_0.19881816609729963_0.0014375484491426346_0.39631273379342374_0.4279889207299775_0.5189753793221273_0.5782785516920734_0.5250198891620161_0.6571875415784948_0.9018136740586884_0.5177964313310047;61;0.9012343440874155;0.47888000000000003;MOMBI2;NormSystem_obj_2_conf_200_10_5_0.05_10_5000;-0.35298739049376976
5;0.9360786231207197_0.2693963416073434_0.3697413873648943_0.3686827146448162_0.26234234654302413_0.4274680715142681_0.4218464428803846_0.37326138675387555_0.448630496729643_0.4439521127973389_0.41179721203404374_0.9875597873551273;200;0.9861444861117675;0.86656;MOEAD;NormSystem_obj_2_conf_200_10_5_0.05_10_5000;-0.3651838021319503
5;0.9999534126208808_1.6396759284645612E-6_0.18220648813494839_0.8057533703705118_0.8680807533876781_0.6472234928946392_0.8256087528372452_0.8434499648529785_0.7802611226056062_0.8313102487551159_0.6751604718841063_0.7701872313665099;200;0.9999915685689427;0.008403361344537818;SPEA2;NormSystem_obj_2_conf_200_10_5_0.05_10_5000;-0.7301232655409663
6;0.9997375535269395_6.595432501629294E-5_0.3815205120552341_0.43646743005699895_0.47787135563048777_0.6015875102053392_0.6223424589621692_0.6380071492061963_0.6848065210909109_0.6926248924124719_0.9026805549919915_0.9708320067450584;62;0.9999661841588632;0.96832;NSGAII;NormSystem_obj_2_conf_200_10_5_0.05_10_5000;-0.531755556090897
6;0.7932137920668691_0.8497531098768922_0.263555622880863_0.5562241244565675_0.2096958874032607_0.5134442058152745_0.7172295222145362_0.6221450233624196_0.825667753443305_0.7648959130216291_0.5052122420164006_0.05747698090004754;200;0.8907524663446942;0.83016;MOMBI2;NormSystem_obj_2_conf_200_10_5_0.05_10_5000;-0.48812317048109005
6;0.9243248179059536_0.13259868526870625_0.6133392941192322_0.6572392299357849_0.9351906307726904_0.5661364779799671_0.577295980155992_0.6567455936804502_0.5509193539637353_0.5522699267971846_0.8716346058527871_0.08622000522660722;200;0.9935124538148891;0.70152;MOEAD;NormSystem_obj_2_conf_200_10_5_0.05_10_5000;-0.6780592109507536
6;0.9233648718825856_0.5429458335604608_0.9958662131844653_0.07739135078463442_0.21235494309976688_0.8064679269800019_0.464414070649287_0.5147446663646454_0.7360213052113368_0.608241997876835_0.7101388569578868_0.887946842327513;200;0.9945419186639299;0.5075999999999998;SPEA2;NormSystem_obj_2_conf_200_10_5_0.05_10_5000;-0.47192092584995976
7;0.9998892254761247_1.6142052450451424E-6_0.6537850383900392_0.9299816627743923_0.8519032488992149_0.6055880505875982_0.6763443509227924_0.6563428326694117_0.5932491939989721_0.6113665944747078_0.9244316515824466_0.011478086739903956;121;0.9999825211983122;0.9740088105726872;NSGAII;NormSystem_obj_2_conf_200_10_5_0.05_10_5000;-0.7451071543664876
7;0.7505672977931305_0.319144836841835_0.07024361396233622_0.9205077574938733_0.6191989996806697_0.35404467602977496_0.7757181703710665_0.6216916309097417_0.6359897273737029_0.5829736515839802_0.47504453539381064_0.3669328028138561;99;0.8587350733098807;0.42352;MOMBI2;NormSystem_obj_2_conf_200_10_5_0.05_10_5000;-0.5639576028817472
7;0.9882642137985216_0.0820504422044363_0.16991192078032613_0.08434516181159711_0.14747640560149747_0.5058050032702227_0.4443937504758874_0.486576948762264_0.7447343200868549_0.6920743332052924_0.7224005945068651_0.9974961269453745;200;0.9959199321124019;0.9504;MOEAD;NormSystem_obj_2_conf_200_10_5_0.05_10_5000;-0.30150693800338224
7;0.9999058934484096_4.820298633414771E-5_0.593682459923288_0.38760049738851987_0.7700504388741449_0.7706456985771648_0.7099252091250099_0.8226154007661617_0.8227818431736574_0.8049086549704216_0.5684738659230114_0.4822592495341623;88;0.9999900277201393;0.4851540616246499;SPEA2;NormSystem_obj_2_conf_200_10_5_0.05_10_5000;-0.672624557707976
8;0.9997768973236235_4.811005803460204E-5_0.2535854150029502_0.25251454659075245_0.9381922658944765_0.6550148438770136_0.6546434735664663_0.891774404140789_0.7938459459852671_0.7937040892895431_0.042590247660158835_0.04314355494736004;200;0.9999865490494061;0.980672268907563;NSGAII;NormSystem_obj_2_conf_200_10_5_0.05_10_5000;-0.626906096057303
8;0.8908646114045143_0.38688375857125606_0.18198278522939684_0.818232202406522_0.1320668199611046_0.521300559426274_0.7589465047952855_0.6410684329279939_0.6202581650108202_0.9702884074561773_0.9156491475070787_0.9603762910989451;102;0.8715855393795997;0.5588799999999999;MOMBI2;NormSystem_obj_2_conf_200_10_5_0.05_10_5000;-0.5726471479542016
8;0.7285804359044468_0.44063689255281807_0.4955859485434951_0.774325937436354_0.5429528097254677_0.860410678021939_0.929109308419557_0.86952263891211_0.9515537178608444_0.9709521769225723_0.6105129239734695_0.8775095284834149;200;0.9904039346746603;0.45391999999999993;MOEAD;NormSystem_obj_2_conf_200_10_5_0.05_10_5000;-0.7530336144970913
8;0.8246010908620801_0.5384959928117464_0.7833025645901207_0.05665965576250476_0.5052589591448952_0.6332332945279943_0.3399088604064876_0.5196675445045802_0.5710072282947473_0.45143459434241945_0.3456038313282321_0.46966005672851646;200;0.9830225764472567;0.54912;SPEA2;NormSystem_obj_2_conf_200_10_5_0.05_10_5000;-0.4588564360568828
9;0.9380823331227645_0.2826613023606824_0.9876331967659776_0.7850453764599435_0.6780977205743755_0.5793728678580097_0.5251509819835886_0.4965139153725024_0.47008212783425407_0.455507147319926_0.048939069424128886_0.4260291850205351;200;0.9963272548369134;0.8394399999999999;NSGAII;NormSystem_obj_2_conf_200_10_5_0.05_10_5000;-0.6559599004091513
9;0.8648263867029876_0.7631069483990303_0.4618426506854626_0.6309920643496981_0.263565580563925_0.6632038551145497_0.6959210619633502_0.6624092473996225_0.6128604310520789_0.6427319418477033_0.78619836481401_0.20673027849222167;114;0.9072077154036458;0.7248;MOMBI2;NormSystem_obj_2_conf_200_10_5_0.05_10_5000;-0.5613885682951623
9;0.9491793534332329_0.7767423004669781_0.9158576107524982_0.3367136823627628_0.49941960966131665_0.7650481512526285_0.5896852895692679_0.6392243114474736_0.7190531748790272_0.6668481873889957_0.21648793711524647_0.43699465514300306;200;0.9936952860816214;0.8982800000000002;MOEAD;NormSystem_obj_2_conf_200_10_5_0.05_10_5000;-0.5970544293213434
9;0.9998875671792837_3.0982713788868903E-7_0.5332185308029229_0.21351964131428383_0.339151052886225_0.8466700890088465_0.7324102301137653_0.7773038617897355_0.9586765561253322_0.9178025311422058_0.6951792583912088_0.5047746657070886;110;0.9999803059016377;-0.6319327731092437;SPEA2;NormSystem_obj_2_conf_200_10_5_0.05_10_5000;-0.5583202734878172
10;0.9987716138380137_0.22150487541425415_0.01963430549887717_0.1638296304368392_0.3572349246837408_0.2576350673982353_0.3618940622213629_0.518180919566095_0.43572743557455895_0.5213044903962146_0.5868755356539365_0.632261131698091;131;0.9978693074744035;0.7112;NSGAII;NormSystem_obj_2_conf_200_10_5_0.05_10_5000;-0.28156353979615634
10;0.8176388549745505_0.8363405516743898_0.374186513686546_0.5280401535402717_0.21604073266805696_0.5442089220996004_0.5459586708245969_0.4609297834039093_0.6727858817607202_0.7361086358742837_0.3275921261533574_0.22779697080861566;118;0.8794221954495205;0.5748;MOMBI2;NormSystem_obj_2_conf_200_10_5_0.05_10_5000;-0.43027392223868666
10;0.9695452033052188_0.01925471229565631_0.8063190252993304_0.2941963343520079_0.6642397271838364_0.7700472563377583_0.6152979394322848_0.7270886427013924_0.7590828938477583_0.7117322561586203_0.14790081126204924_0.9453808830434635;200;0.9982308406082965;0.8266800000000001;MOEAD;NormSystem_obj_2_conf_200_10_5_0.05_10_5000;-0.6323076925882679
10;0.9999653676488947_1.0420693906597042E-5_0.9384260271567779_0.3356426656199827_0.3268385694530395_0.6194542417199173_0.40040288651046285_0.3971988678272341_0.5035416640293425_0.42393833414384896_0.01692684672647767_0.07461277958388075;60;0.9999914234234146;-0.5421368547418968;SPEA2;NormSystem_obj_2_conf_200_10_5_0.05_10_5000;-0.4614009840678247
11;0.9999919662980469_3.287760373107761E-5_0.08264142393368136_0.6768334603792922_0.7790546183755882_0.5470369558129436_0.7468241875855989_0.7811938149144745_0.7031728499292079_0.7703522594424763_0.15968396097211382_0.523725852049636;102;0.9999954390252012;0.503921568627451;NSGAII;NormSystem_obj_2_conf_200_10_5_0.05_10_5000;-0.6355125362384487
11;0.5391566760980111_0.7729951389085673_0.6293213567533066_0.32222149195588_0.7485760431033937_0.42828307621227585_0.3157412253042666_0.5030101594487164_0.3890661495880536_0.1973460480555456_0.7499456571090333_0.09802426855146763;200;0.8969055939495468;0.08952000000000006;MOMBI2;NormSystem_obj_2_conf_200_10_5_0.05_10_5000;-0.4725331369734508
11;0.9190742067528545_0.2433564000418938_0.19507046697287486_0.2228076170051708_0.021102351353834457_0.32450055520035304_0.32687944782741335_0.14691034627457378_0.4081247033296312_0.40947065765476226_0.41598265302770543_0.18494126945124006;200;0.9861973637152783;0.708;MOEAD;NormSystem_obj_2_conf_200_10_5_0.05_10_5000;-0.2044175581868285
11;0.9999865573925789_1.714455459697793E-5_0.5449750756645733_0.0808545738912723_0.012560484991510645_0.7025736155029748_0.45666095872970797_0.420494972041358_0.7860612153043834_0.6557288991028302_0.5421714235003156_0.09372004949104958;127;0.9999827646671869;-0.68736;SPEA2;NormSystem_obj_2_conf_200_10_5_0.05_10_5000;-0.35145431703566304
12;0.9999932941852018_6.156437620854287E-5_0.6866524866395772_0.1866754794951659_0.3693348193233934_0.8692842279532423_0.6999285766427467_0.7617964359279483_0.9311300263836896_0.8737666709909486_0.8351203020189276_0.29339695634285146;200;0.9999930467207213;0.59216;NSGAII;NormSystem_obj_2_conf_200_10_5_0.05_10_5000;-0.5815158151679212
12;0.7997644462155711_0.726501693208961_0.3786009624253134_0.6911386223558847_0.5272409831950293_0.5577027299007494_0.7048321895614135_0.5922927793629319_0.7978388746265065_0.5466818255086496_0.9757287446544637_0.3889378933075668;111;0.8630077254440933;0.32672;MOMBI2;NormSystem_obj_2_conf_200_10_5_0.05_10_5000;-0.4893583971744294
12;0.8554296181379849_0.30505310163187144_0.49246872836222383_0.4191766603530565_0.5297708909759681_0.7955315689982693_0.7702417964991031_0.8044623140930248_0.8924403640498656_0.882655206222141_0.6062771565530859_0.8317317426447965;200;0.9910531129357395;0.70852;MOEAD;NormSystem_obj_2_conf_200_10_5_0.05_10_5000;-0.6363968087204678
12;0.999932568078686_8.484779650822847E-4_0.5425218259233807_0.11656945549197478_0.9182551165031089_0.34616187807222526_0.15068657488399903_0.5187639614862064_0.2553303702179807_0.16189454323901967_0.9119463468002866_0.3374549884394694;200;0.9984067610164861;0.7283313325330132;SPEA2;NormSystem_obj_2_conf_200_10_5_0.05_10_5000;-0.37517375605951325
13;0.9996204333669626_1.9376518791692164E-5_0.6123935300949436_0.031087885018381643_0.5868905372765442_0.6470755191347543_0.40446101644398796_0.6364439037701277_0.6615440149362376_0.5602816964352356_0.7239486358416851_0.029476812531047572;200;0.9999776841801405;0.63568;NSGAII;NormSystem_obj_2_conf_200_10_5_0.05_10_5000;-0.4654834771100073
13;0.6087879728150208_0.7015429010689195_0.5103873172976966_0.17642466232749354_0.2784040273134665_0.6415119028254278_0.4736174486796043_0.5172673306914481_0.6780611153235787_0.45779247225584574_0.7360121103232693_0.9250953702962981;200;0.9231391774591182;0.21584;MOMBI2;NormSystem_obj_2_conf_200_10_5_0.05_10_5000;-0.40562345609738715
13;0.9285327501765457_0.13842732383010173_0.5419887743037015_0.48554877917168576_0.6928327152216488_0.49164402476290997_0.4706635525335205_0.5437137146955949_0.4729961362375088_0.4650210457341274_0.3331766021538696_0.6783733498865848;200;0.993212519301989;0.72696;MOEAD;NormSystem_obj_2_conf_200_10_5_0.05_10_5000;-0.5359002747748809
13;0.9963470975568984_0.8556353696688956_0.9055369887396529_0.6674120247558375_0.7196763098248603_0.7971505651038664_0.7381621205065719_0.751092623155105_0.7702918155299938_0.7557174746613611_0.4101197345086083_0.43344315666609423;200;0.997154203958976;0.9924;SPEA2;NormSystem_obj_2_conf_200_10_5_0.05_10_5000;-0.7506718859966331
14;0.9997741417245484_9.358488576121516E-8_0.5471081409557988_0.07141613690148317_0.9475062045623249_0.682518085761508_0.5187988386878103_0.8203274592080512_0.72910767745115_0.6727166808800646_0.9687475235246998_0.36484493110150323;83;0.9999700868257415;-0.5956756756756757;NSGAII;NormSystem_obj_2_conf_200_10_5_0.05_10_5000;-0.601527103839954
14;0.8143115198212156_0.6741815630866351_0.6260642094160614_0.026398185652169115_0.6551515160258632_0.6953441433320222_0.4868641222165705_0.79985525915302_0.6002319979154692_0.6149768725110165_0.007529002354688508_0.324268625347215;200;0.9003587213065866;0.62544;MOMBI2;NormSystem_obj_2_conf_200_10_5_0.05_10_5000;-0.5166185758177939
14;0.9002849891325786_0.21581808419767967_0.7609696136756063_0.21993446839102265_0.2848211308760345_0.7443983386533338_0.5415194687565302_0.5664979915033377_0.7329513889827646_0.6557239303096893_0.03350328059426094_0.6993720664593559;200;0.9881983906756435;0.77856;MOEAD;NormSystem_obj_2_conf_200_10_5_0.05_10_5000;-0.49227503604467715
14;0.9999970327706761_9.333084285897762E-8_0.3200384745722194_0.623746173445579_0.7474398094249786_0.6249510595120606_0.7202102820398494_0.7590097159153532_0.7205890918084987_0.7504675080164104_0.1464153921012607_0.6660201151492643;86;0.9999989343848263;-0.4418018018018018;SPEA2;NormSystem_obj_2_conf_200_10_5_0.05_10_5000;-0.6448264402706732
15;0.999997506639007_5.482326145046842E-5_0.6066748016227693_0.1749347467552586_0.6541792363091292_0.47645815893601823_0.2897356542529767_0.49698306833154643_0.42013675724831184_0.3392020785640886_0.8278962618924348_0.7714077672829501;80;0.9999592760675491;0.478;NSGAII;NormSystem_obj_2_conf_200_10_5_0.05_10_5000;-0.4306487600855134
15;0.9989329420144187_0.7519831912958918_0.8166989940723107_0.29946207382738327_0.23825770528266985_0.8435779638190446_0.7763451239113305_0.9964808279546293_0.8249067359964055_0.788515671352083_0.4952956031508204_0.31314097158036075;200;0.8676453446509472;0.9975999999999999;MOMBI2;NormSystem_obj_2_conf_200_10_5_0.05_10_5000;-0.6228004571987071
15;0.9347365708578065_0.2818190532738173_0.378542434835583_0.3182291350168445_0.17767310259255562_0.668379614123978_0.641582384068915_0.5791981094490017_0.7925045793722028_0.7810706642604637_0.86663408450272_0.6931154402062688;200;0.9925264995631372;0.8693599999999999;MOEAD;NormSystem_obj_2_conf_200_10_5_0.05_10_5000;-0.4501669423773942
15;0.9999729114469263_6.85531486836016E-4_0.09998858841295676_0.9843814396807224_0.9442922003350138_0.3393744049817027_0.6210498165387913_0.6082839019121288_0.41553689659772436_0.5052772952700296_0.8331010056693902_0.4210421138700544;200;0.9999831982173918;0.91264;SPEA2;NormSystem_obj_2_conf_200_10_5_0.05_10_5000;-0.6653476284443465
16;0.9999428355660488_1.8398690662674432E-4_0.2837091204554746_0.3612951481329561_0.19217072557940565_0.6645489383182333_0.6981564418223125_0.62493210504071_0.829507531557415_0.8439426479562322_0.9233593421604461_0.5905293733955458;80;0.9999537507669818;0.8372;NSGAII;NormSystem_obj_2_conf_200_10_5_0.05_10_5000;-0.47512306999592974
16;0.9055024748757164_0.9913690715394954_0.7357323984519536_0.3196236626376981_0.0818997883328095_0.7764256889888889_0.5387298934956962_0.5810901696408154_0.8465656141455977_0.6844784876428288_0.28824921614764676_0.5671800566687832;200;0.9258243344821342;0.8056000000000001;MOMBI2;NormSystem_obj_2_conf_200_10_5_0.05_10_5000;-0.49798757830579293
16;0.9438627436341586_0.32662120671747286_0.15587742428489282_0.4756200404592329_0.9924713777007639_0.567192725107034_0.6681645224260511_0.8397229127442783_0.6979567650199643_0.7308325012817336_0.6578676747744036_0.27513772544740434;200;0.9954526290918096;0.88748;MOEAD;NormSystem_obj_2_conf_200_10_5_0.05_10_5000;-0.6321526241512845
16;0.9999927135871584_8.42568075846063E-5_0.6230683640979479_0.9968188924546766_0.6921572643079725_0.6773654008660703_0.7719974285496227_0.6948670341190546_0.691097183717973_0.7150877916060068_0.231823957787638_0.8346533761286665;55;0.9999843605967276;1.0;SPEA2;NormSystem_obj_2_conf_200_10_5_0.05_10_5000;-0.7547695921618122
17;0.9997031936417313_1.802035113665781E-5_0.46539062280565957_0.09405849167217305_0.7769396517833996_0.8236739875858177_0.7000293785595678_0.9274191897653689_0.9429741909130348_0.9018144262605372_0.5617668395596029_0.06893881633073745;139;0.9999933472301153;-0.8884000000000001;NSGAII;NormSystem_obj_2_conf_200_10_5_0.05_10_5000;-0.619506274892396
17;0.8217998057446421_0.5376647198064565_0.7455445904268951_0.1898823431963222_0.69779963427996_0.6095588182442297_0.62313012630014_0.5833832069350459_0.6189436744068516_0.4984457766031322_0.21639465261888574_0.6262789392971638;200;0.8748655367006056;0.6414000000000001;MOMBI2;NormSystem_obj_2_conf_200_10_5_0.05_10_5000;-0.5570682030821358
17;0.8548011546254404_0.17950860406561148_0.4457720914363895_0.9737732556608619_0.6962689296166615_0.29270920408336426_0.4654351942176986_0.3719428714183412_0.23691688298524288_0.2979665826291996_0.10164443480673306_0.9035864747217851;121;0.9866271407629938;0.46064;MOEAD;NormSystem_obj_2_conf_200_10_5_0.05_10_5000;-0.5752432211300857
17;0.9998623195846396_0.6274278921509732_0.950822362378711_0.3077196013939721_0.32299135713743704_0.8071137501899899_0.602900072871583_0.6077414690677254_0.7614447448360319_0.6965865483256922_0.8889343243602287_0.19815573719894986;200;0.9981680939495594;0.99976;SPEA2;NormSystem_obj_2_conf_200_10_5_0.05_10_5000;-0.5568884935110915
18;0.9995656421738754_5.557273574150874E-4_0.25475187199430516_0.39218262783879293_0.38686707178073126_0.5465153050417552_0.6063628569392583_0.6040367037331025_0.6734886957776514_0.6996306240917208_0.10446143786907065_0.5589270383439673;78;0.9999549496652012;0.62296918767507;NSGAII;NormSystem_obj_2_conf_200_10_5_0.05_10_5000;-0.46705742126875555
18;0.9999770628835744_0.5968874156052466_0.761165057499621_0.024950944478012976_0.24946246616417364_0.7102814172403829_0.5514702721818453_0.4940488671101193_0.6878694042338391_0.7427461483505102_0.32447293626800305_0.8475379114894398;200;0.907758326959569;0.99996;MOMBI2;NormSystem_obj_2_conf_200_10_5_0.05_10_5000;-0.4553955775318243
18;0.9068393956161014_0.10055810094768541_0.3055515973975545_0.4941760087783105_0.8243332239618593_0.6058040944727394_0.6656197517341658_0.7737550060476159_0.702576445509978_0.7235856966755677_0.47886647887840617_0.9320010803522627;200;0.9963805226503992;0.7982800000000001;MOEAD;NormSystem_obj_2_conf_200_10_5_0.05_10_5000;-0.6257153942940604
18;0.9994135591134439_7.136319337686027E-9_0.6412307011773494_0.8023766209028206_0.3982767300970772_0.7398194329249707_0.7853992417646928_0.671098333001575_0.7677046402496759_0.7805958058362533_0.5869202853303171_0.9853857716514802;75;0.9999989057337357;-0.621981981981982;SPEA2;NormSystem_obj_2_conf_200_10_5_0.05_10_5000;-0.6636720779776312
19;0.9984718804868341_0.9877540445280251_0.9324919771095747_0.8460469133998719_0.2821732719572251_0.6846149972236608_0.6605112951569204_0.5033255192725828_0.6155004427860161_0.6088591645207954_0.781930651084264_0.6589152543154663;200;0.9973243434613501;0.99652;NSGAII;NormSystem_obj_2_conf_200_10_5_0.05_10_5000;-0.6435019332567742
19;0.6201255655127136_0.4072368932095533_0.9665011691673108_0.9844817755210624_0.20624211127647582_0.6794476220037656_0.7126138528994275_0.49439763649803675_0.7258233667286712_0.642376773435328_0.7282709565243028_0.14117837551445078;103;0.9285615922903342;0.24535999999999997;MOMBI2;NormSystem_obj_2_conf_200_10_5_0.05_10_5000;-0.6452319752355153
19;0.9101676235440728_0.5587115133854591_0.1357991516636787_0.4078404095041632_0.7565854538402296_0.5754362165053905_0.6742828311004911_0.8056621941777924_0.7375527090713576_0.7761700047531451_0.5140935749501006_0.5289479210261699;145;0.9931419482360482;0.81552;MOEAD;NormSystem_obj_2_conf_200_10_5_0.05_10_5000;-0.5846099280766338
19;0.999929507392404_9.203945603690781E-8_0.9925020185377801_0.6994565592743749_0.5115985450705259_0.5873279614445756_0.50258675571051_0.44826450385335853_0.47016445343648294_0.445642564477554_0.3692445010444335_0.9766503591137109;100;0.9999906023920309;-0.3210084033613445;SPEA2;NormSystem_obj_2_conf_200_10_5_0.05_10_5000;-0.6003776704579289
20;0.9999552726049905_5.76486529576811E-5_0.5976707473554204_0.557722721236637_0.16924626922330444_0.49567122765337945_0.4791053592729888_0.3182133698163347_0.4534011234034329_0.4465356008911057_0.48808917991710443_0.3618087433265373;134;0.9999866677865689;-0.256;NSGAII;NormSystem_obj_2_conf_200_10_5_0.05_10_5000;-0.43316698293241496
20;0.49465856350935195_0.7055460817455754_0.8525501463555762_0.2755847346473202_0.05090101031635764_0.7581627335905246_0.7197743006183444_0.5750743231097433_0.791400387813524_0.7897734411301278_0.7037047623784326_0.9095962756413143;200;0.9170543847972412;-0.008480000000000048;MOMBI2;NormSystem_obj_2_conf_200_10_5_0.05_10_5000;-0.5073124077241905
20;0.96753379307995_0.036275804558003735_0.5677203387278907_0.832150606982157_0.9000399693380654_0.5333465104898971_0.6066993786209168_0.6258892250107136_0.5237204885403299_0.544456605876724_0.6203413712841408_0.8655348826432151;200;0.9977974789529979;0.87256;MOEAD;NormSystem_obj_2_conf_200_10_5_0.05_10_5000;-0.6945460696119784
20;0.9999435002350979_0.004996711718077199_0.06574933622201269_0.14708036129964938_0.08638338875578148_0.5471642520726141_0.6001773903301895_0.5601970978003742_0.8634932161092866_0.8982410604157341_0.11279235143639027_0.8345871693783905;107;0.9998979287758272;0.61976;SPEA2;NormSystem_obj_2_conf_200_10_5_0.05_10_5000;-0.3280936084596522
21;0.9999666505376477_4.427404445956901E-11_0.5714107478198905_0.6605841288046503_0.3335273397781516_0.7850392503697501_0.8118950857712436_0.7134014071218873_0.8493753855723241_0.8574723634100511_0.12477925927687283_0.29698304092291;80;0.9999957903390448;-0.5814400000000001;NSGAII;NormSystem_obj_2_conf_200_10_5_0.05_10_5000;-0.6563161297888321
21;0.9924254604278535_0.15364889397459655_0.679056346140081_0.4057906453550987_0.7684827571254769_0.5790626139245286_0.6135424448744289_0.6324051218430629_0.8028961394271078_0.4880429581989556_0.0038554611314150222_0.9898641057537493;200;0.8442502779381891;0.97168;MOMBI2;NormSystem_obj_2_conf_200_10_5_0.05_10_5000;-0.6058423267103539
21;0.9631894056696924_0.5607377729628402_0.1779901410980745_0.3934841816412073_0.9554986103452232_0.6317287974148753_0.7027062713238281_0.8875846375837881_0.7804902471302667_0.8042948251676512_0.7435581861972316_0.8362202376718239;200;0.994598903423901;0.9252400000000001;MOEAD;NormSystem_obj_2_conf_200_10_5_0.05_10_5000;-0.6353538206432262
21;0.9999738174947884_5.0091358231406E-7_0.6015812646805335_0.43795852608702096_0.7315828505902389_0.8504275916199825_0.8049408923207287_0.8865487190720802_0.9195011709773642_0.9069420869586_0.07639331101775906_0.7799613507597518;102;0.999966956627859;-0.19135999999999997;SPEA2;NormSystem_obj_2_conf_200_10_5_0.05_10_5000;-0.7137588115972059
22;0.9999691790495385_1.312147821899812E-4_0.13946337712237178_0.8086606960997652_0.5262906947395797_0.43863023491810127_0.6839953102356074_0.5804338216517546_0.5482881509848504_0.6382351474494544_0.6343526198897647_0.7255546639958095;73;0.9999771583923217;0.5765765765765766;NSGAII;NormSystem_obj_2_conf_200_10_5_0.05_10_5000;-0.5766830653424063
22;0.6625717751262246_0.9320430358201176_0.39598700946046256_0.5245453125385499_0.9152176860883813_0.4799163378498695_0.5613849502295936_0.7554782089713762_0.4310084302308619_0.5637962538248504_0.8886999751161463_0.7111828658185797;63;0.8911004743744575;0.30588235294117644;MOMBI2;NormSystem_obj_2_conf_200_10_5_0.05_10_5000;-0.6302721499644119
22;0.8544532149431461_0.7150284452810816_0.04367551114307616_0.3733382759037742_0.1875815223986737_0.3211129338903951_0.5304489600880962_0.4094679489970684_0.5017604839825245_0.6282033942297572_0.48100433031795364_0.6836116306765782;200;0.9912715683384236;0.8274400000000001;MOEAD;NormSystem_obj_2_conf_200_10_5_0.05_10_5000;-0.3455034580187508
22;0.999966546271255_0.0019988598411461236_0.11852437909533657_0.3990515731631766_0.29398969361505894_0.44697656790713225_0.5910811667627549_0.5369690232974891_0.6158112333950835_0.6898918457574794_0.2863923257380168_0.3839378411211335;200;0.9999326577470696;0.97616;SPEA2;NormSystem_obj_2_conf_200_10_5_0.05_10_5000;-0.4064279675844826
23;0.9999968340878771_9.21249631818566E-6_0.7629934059950553_0.21035822961008782_0.6684267338144305_0.5807898082374513_0.3784437724064832_0.546153132014647_0.514097856648463_0.43994054195733784_0.9466652674070584_0.10545120448733127;143;0.9999693689164609;-0.37801801801801804;NSGAII;NormSystem_obj_2_conf_200_10_5_0.05_10_5000;-0.46780513610874375
23;0.8402007410439168_0.7038247591928922_0.743760032931131_0.38344946343456654_0.32248918908303825_0.6986280497519054_0.6623667940329218_0.8194879559823528_0.7403376679873112_0.8493079574826199_0.6711180066943278_0.2800857650189702;102;0.8775882512148447;0.3911164465786314;MOMBI2;NormSystem_obj_2_conf_200_10_5_0.05_10_5000;-0.5203653865287073
23;0.9936065917263242_0.14371825058784668_0.7023306299319244_0.9911030803180276_0.04747373703686105_0.39755708489634045_0.5028386552839397_0.16508426446467597_0.28724432914275094_0.32499155769836713_0.46862667348003206_0.27869937992002713;200;0.9895342184873954;0.97416;MOEAD;NormSystem_obj_2_conf_200_10_5_0.05_10_5000;-0.46138082303784117
23;0.9999490888282391_2.0967502604185887E-4_0.28854503215530186_0.16413164066456926_0.20525078997362728_0.5957485579101393_0.5292448991881834_0.5512003577475374_0.7597913762201433_0.7242491865105269_0.9355807939999621_0.1651285569511389;68;0.999980419145639;0.5596638655462185;SPEA2;NormSystem_obj_2_conf_200_10_5_0.05_10_5000;-0.3811450119520206
24;0.9282574072179147_4.689572517945201E-4_0.060829784634195944_0.6624130259712259_0.24408955397065182_0.6692160496825983_0.8953824522149999_0.737974186042424_0.8978774278495619_0.9829646151557864_0.3149005783959959_0.6586441442146498;106;0.9981562243315516;-0.2222088835534214;NSGAII;NormSystem_obj_2_conf_200_10_5_0.05_10_5000;-0.5769460810022947
24;0.8711058676291314_0.8242380446527564_0.43715137359255063_0.24054549472438874_0.7220534857090605_0.7699317081392477_0.8081235837563105_0.7916319219275382_0.9563189387230099_0.8084575715810715_0.21713939377705244_0.6045149335967861;104;0.9143936282424171;0.73104;MOMBI2;NormSystem_obj_2_conf_200_10_5_0.05_10_5000;-0.6329555250369465
24;0.9411682426256327_0.07284549993159495_0.388993585492067_0.12265181209884632_0.23724427554305036_0.63629234257522_0.5006824720209042_0.5561077485206779_0.7544209482907417_0.691835442615747_0.11980940757638728_0.9184840331561407;200;0.9947309383968097;0.76344;MOEAD;NormSystem_obj_2_conf_200_10_5_0.05_10_5000;-0.3895526362353261
24;0.9999937586327231_2.6977723118640578E-5_0.8801183826088589_0.1290519644596033_0.5416930974646447_0.8856398972047936_0.6542074769527394_0.7813490362836261_0.8873479777665882_0.8160205518950437_0.9342047487241386_0.10420449099926132;107;0.9999935671416849;0.46768;SPEA2;NormSystem_obj_2_conf_200_10_5_0.05_10_5000;-0.5976259228782175
25;0.9846866744421194_3.015286072288032E-4_0.1499891628394666_0.18720533998839073_0.5491753663409203_0.5942128129445257_0.6111338196552087_0.7759193564585574_0.7964308672385308_0.8041268621796215_0.95686921922997_0.2814379260875258;121;0.9996732163976184;-0.049440000000000074;NSGAII;NormSystem_obj_2_conf_200_10_5_0.05_10_5000;-0.48514098377363435
25;0.9521781328841756_0.700674335114044_0.1264641565603371_0.3421052673926944_0.841230051395554_0.5003074779996795_0.4033721381274139_0.5945666377184661_0.520170310622247_0.39893482724302637_0.5137658093307551_0.7284247453187415;127;0.8933881536730006;0.23135999999999998;MOMBI2;NormSystem_obj_2_conf_200_10_5_0.05_10_5000;-0.45188375126707225
25;0.9169959079213734_0.18292600768085387_0.919078837126867_0.07369622254643134_0.4313293325698245_0.9153609264840304_0.6468491432977652_0.7596050688556324_0.9138091784723118_0.8286650309984834_0.0985298071145792_0.7170491656183288;200;0.9943941916051507;0.83324;MOEAD;NormSystem_obj_2_conf_200_10_5_0.05_10_5000;-0.5561565926687777
25;0.9999480625265134_4.525694338378273E-6_0.42114440520818364_0.3004068216317904_0.4471068231515924_0.8294256322025296_0.7881483114039083_0.8382945675432127_0.9689815209406653_0.95487747496689_0.5354622858321698_0.40608343938749364;120;0.9999954594553931;-0.6165266106442577;SPEA2;NormSystem_obj_2_conf_200_10_5_0.05_10_5000;-0.6047798073880299
26;0.999929076305162_2.8069909959605555E-4_0.2897682929875134_0.07073002961609755_0.9974499394115791_0.6021329106137883_0.5179115538712162_0.8740789989670448_0.7221462585299615_0.689782146240986_0.8131166468306538_0.4226839902247676;200;0.9999850540811633;0.41824;NSGAII;NormSystem_obj_2_conf_200_10_5_0.05_10_5000;-0.5276767352659942
26;0.7264285482354508_0.8233727333601116_0.41877758425669304_0.08390278983535317_0.9042354220620094_0.6106741184513499_0.7168608582802938_0.9171697842039305_0.7983157245186273_0.6878752916947719_0.7495848971388508_0.9997003756300176;98;0.8887995847875788;0.19648;MOMBI2;NormSystem_obj_2_conf_200_10_5_0.05_10_5000;-0.5963245981871668
26;0.9319722592327438_0.46255165042288926_0.9455485382503874_0.9065867060350982_0.37742423955530185_0.6333661334350869_0.6212339572095187_0.4766646549179695_0.5477912031174794_0.5428547429516571_0.3787620831942828_0.3492719978090438;200;0.9936411402157096;0.8603200000000001;MOEAD;NormSystem_obj_2_conf_200_10_5_0.05_10_5000;-0.6666526725031717
26;0.9999989030605424_3.843070578563351E-6_0.7309128585260175_0.6361585602128919_0.46851595611294566_0.7966113240353576_0.7700881299715973_0.7231609146114462_0.8150008994349064_0.8075932897213569_0.7262696352854882_0.026997962775229346;49;0.9999932225039437;0.18679999999999997;SPEA2;NormSystem_obj_2_conf_200_10_5_0.05_10_5000;-0.6941437706184268
27;0.9978839615476309_8.236413999784596E-5_0.20186548419098643_0.7304093784202862_0.5797103770950335_0.5408908860170559_0.722264099391123_0.670548089085081_0.6572274594957439_0.7194719191636885_0.5070351251363667_0.7937531441547652;141;0.9999561459930424;-0.676;NSGAII;NormSystem_obj_2_conf_200_10_5_0.05_10_5000;-0.6043953789920542
27;0.401772870180203_0.7770488731833975_0.04119145168014343_0.49677896675989597_0.8083399321969269_0.4073882163868331_0.631041775930778_0.969827389972406_0.7523247439298969_0.6240107801419351_0.9283145459814715_0.17283509555525672;122;0.8329485369797911;0.34199999999999997;MOMBI2;NormSystem_obj_2_conf_200_10_5_0.05_10_5000;-0.5466953066101574
27;0.9612675003271729_0.17013740108282982_0.4553989585668968_0.8938801872558467_0.35153918304847465_0.6440840834802112_0.7759509720263857_0.6105627202395469_0.6998927323888701_0.7405278550713082_3.390109313423841E-5_0.13746247489745883;200;0.9955093651007894;0.9242800000000001;MOEAD;NormSystem_obj_2_conf_200_10_5_0.05_10_5000;-0.6275156135577895
27;0.9999992601348238_1.450281271017087E-7_0.6450662382386071_0.22326606180876915_0.06685171603381342_0.7638294843205725_0.5882027581175143_0.5230669313264052_0.8132684885123698_0.7401597049930909_0.8674488982959425_0.10693706674099565;67;0.9999906816276473;-0.5845045045045045;SPEA2;NormSystem_obj_2_conf_200_10_5_0.05_10_5000;-0.44276050976162057
28;0.9999206197163423_3.791982056446905E-5_0.1610302526863036_0.1947955561666392_0.5551018536717666_0.7092432186899702_0.7229597982127611_0.8694011165197268_0.9321256385759528_0.937631455839568_0.46208014095916866_0.10276091310718079;105;0.9999752505686109;-0.10848000000000001;NSGAII;NormSystem_obj_2_conf_200_10_5_0.05_10_5000;-0.5492975251251669
28;0.8424508414585988_0.7434011508821214_0.5471621184611787_0.13111743987743021_0.010764855580560811_0.6010014333477515_0.4826357211985709_0.5099496355393731_0.6306977819281642_0.699674107717592_0.505212542370991_0.3425918872703626;100;0.8873704480149506;0.4748;MOMBI2;NormSystem_obj_2_conf_200_10_5_0.05_10_5000;-0.365527385002048
28;0.8805205667110084_0.08576797231675327_0.5428073236999349_0.8000600260250252_0.5344723150620305_0.5015608924832561_0.574163329858154_0.490541280096209_0.47566187226696_0.5017296436393669_0.13104481158748996_0.0885243514444467;200;0.9896946708118893;0.55092;MOEAD;NormSystem_obj_2_conf_200_10_5_0.05_10_5000;-0.5977549932345403
28;0.99955092620594_9.337113160767118E-5_0.4263982895488254_0.9948627742283517_0.5380665674235295_0.581736801624672_0.7464121991666209_0.614075771822806_0.6267432106370869_0.6744299879315988_0.6680666651697096_0.5933976282421702;200;0.9999837739901797;0.40820000000000006;SPEA2;NormSystem_obj_2_conf_200_10_5_0.05_10_5000;-0.6974984125231466
29;0.9999990498485031_6.380205421246773E-4_0.24589353774202533_0.36686652276605625_0.41005494673705023_0.5690590394398397_0.6210824690972031_0.639694902107074_0.70809456785497_0.7304281565557996_0.6519022354634643_0.5925308769090892;123;0.9999640843364986;0.90688;NSGAII;NormSystem_obj_2_conf_200_10_5_0.05_10_5000;-0.4847418723463925
29;0.9172498301757469_0.4751553357172531_0.7844504932792801_0.5191682386204307_0.6063391195216825_0.5613101257174277_0.6314782511869262_0.5274516523703651_0.697361153316676_0.478738472806756_0.5103069564969843_0.5430221761279399;103;0.8543974853368221;0.6825600000000001;MOMBI2;NormSystem_obj_2_conf_200_10_5_0.05_10_5000;-0.5357971955658442
29;0.889639869202559_0.2571821297527883_0.8227114355410129_0.8472533003300557_0.003885672372634495_0.623611605729628_0.631234463302302_0.35670608302478946_0.5589826602268114_0.5617101623593403_0.36223145112512384_0.9139496150636234;200;0.9880144430524025;0.77776;MOEAD;NormSystem_obj_2_conf_200_10_5_0.05_10_5000;-0.5322618816171638
29;0.9882034934064248_0.9085317877025998_0.9557769839796738_0.0973039008870586_0.4732683554694846_0.9019168844086535_0.6357232207406481_0.7523210001295038_0.8852324613411948_0.8026738602718031_0.28544404458479766_0.9996915915420587;200;0.9979431748282522;0.9778399999999999;SPEA2;NormSystem_obj_2_conf_200_10_5_0.05_10_5000;-0.5904755622589046
30;0.9999737443950002_5.3132850382200174E-8_0.3875650761204401_0.20755226195936935_0.5798916534735031_0.6246573987838195_0.5517405408075237_0.7025443180403101_0.7206832456604566_0.6911204758783244_0.42883948232316066_0.7064952090796132;101;0.9999885591026478;-0.6100840336134454;NSGAII;NormSystem_obj_2_conf_200_10_5_0.05_10_5000;-0.495285328609989
30;0.8408546995450595_0.65985970359918_0.5785758347978127_0.7699580217672429_0.6730194460522769_0.7067215126717553_0.7386169597016243_0.8157470412150974_0.7269506752353738_0.6960351511910744_0.9456618551406993_0.8378944428297039;200;0.9372828999945084;0.67864;MOMBI2;NormSystem_obj_2_conf_200_10_5_0.05_10_5000;-0.7131076373418487
30;0.8839868762834756_0.41625115480987346_0.3524111636350692_0.6631999315567363_0.35015879060835464_0.3778693494460701_0.5069677146693327_0.3751275050219997_0.38951744581247727_0.4399928878226155_0.6197459089933459_0.567798413921171;200;0.9846278875115675;0.758;MOEAD;NormSystem_obj_2_conf_200_10_5_0.05_10_5000;-0.46567346184794606
30;0.9998777332740957_1.791117420521936E-4_0.09377773198816436_0.04428248161522651_0.4096857860885488_0.4573237707720637_0.42379580257073984_0.6664983369711825_0.6982771287899193_0.6756679798113132_0.6567752981229537_0.6240106765362191;90;0.9998221952099362;-0.5775910364145659;SPEA2;NormSystem_obj_2_conf_200_10_5_0.05_10_5000;-0.3443848514010336
